zpid,stacking_pred
1009018,13.031193
1001436,13.422351
1010988,13.185617
1002184,12.522236
1015717,12.560166
1001346,13.35775
1006728,11.876357
1002644,12.453457
1009198,13.593351
1008339,13.168206
1017567,13.204828
1014281,13.45172
1016770,13.832503
1007599,12.983486
1015766,12.022988
1011268,13.362103
1015728,12.316977
1005910,13.261992
1012305,11.923257
1000209,12.723907
1011855,13.748574
1012252,13.658091
1010211,12.073379
1006401,13.193801
1009723,13.367498
1013941,13.651784
1016219,13.20476
1009350,13.801884
1005071,13.682745
1010399,12.953463
1013189,12.204467
1003138,13.916881
1015723,12.496639
1006247,12.898383
1007478,13.856445
1003685,13.798766
1004764,12.248124
1009233,13.048907
1010893,13.044572
1012091,14.025492
1017092,13.984102
1003069,12.010226
1012178,11.89796
1006136,12.183547
1003701,12.397191
1002491,12.136943
1012167,12.060519
1001683,13.863588
1006785,12.58358
1014002,11.880968
1004666,12.998518
1016954,13.217986
1012772,13.02058
1010688,13.328731
1012968,12.89177
1001415,13.739862
1011748,13.236304
1007073,12.983993
1004221,11.787685
1010651,13.884882
1005362,12.657381
1012256,12.760032
1000135,13.738762
1010219,12.896732
1000261,13.752127
1003779,13.110347
1007814,13.331245
1017541,12.540472
1008693,12.403122
1006051,13.142346
1012475,12.736627
1010967,13.350947
1010153,12.664258
1007854,13.859635
1001543,11.910401
1012709,12.777888
1011522,13.044916
1010467,12.868723
1016019,13.173438
1011087,13.324633
1011360,12.102359
1011923,13.240356
1013380,13.500616
1010592,13.337619
1011882,12.361636
1012814,12.670637
1017039,13.348967
1014089,13.042306
1004163,13.447927
1008400,12.649517
1015904,13.233066
1006975,13.357378
1001501,12.941548
1010533,12.683923
1007574,13.973968
1006887,12.801919
1007117,13.72683
1015872,13.893704
1000949,13.085977
1016984,12.155793
1008493,13.866342
1001066,13.586249
1014890,12.982923
1009150,12.778154
1015445,13.209551
1003773,13.105196
1000521,13.625486
1009827,12.792527
1007448,13.339363
1004064,13.696794
1013351,12.627702
1007934,13.879777
1005772,13.717215
1012467,13.468086
1009678,13.574027
1003903,13.363572
1007368,13.450614
1001019,13.132886
1015956,13.835638
1007676,13.415693
1003862,12.98972
1009421,13.0903
1008790,12.318916
1016222,12.124413
1011510,13.143579
1003760,11.962717
1010095,13.244197
1016848,13.273641
1007981,13.483093
1001863,12.966108
1017279,13.463966
1000210,13.420059
1009220,13.125637
1000670,13.858711
1011975,13.009122
1009650,12.444326
1012244,13.172173
1004490,13.702593
1008783,13.299036
1013050,12.191533
1014078,13.435751
1014560,13.05344
1011972,13.704388
1013813,11.820496
1016790,13.008579
1005284,12.089515
1013954,12.527993
1008243,13.158651
1005551,13.133763
1013022,12.44257
1009326,12.866354
1012559,12.599465
1016326,13.467172
1001392,12.915254
1008539,11.915515
1007707,13.050532
1011195,12.166558
1006858,11.759425
1012325,13.473374
1014033,13.271211
1002285,13.420028
1008722,13.634522
1005675,12.504752
1000444,12.602866
1007793,12.844701
1013869,12.792976
1002067,13.589937
1000680,12.957291
1014261,11.970964
1002004,12.048708
1014357,12.550327
1006564,12.684679
1012486,13.04856
1008327,12.551227
1014927,13.147764
1016358,13.132032
1004321,13.462892
1009489,13.197945
1012778,13.043383
1007474,13.957236
1013121,12.976575
1016128,12.298717
1009970,12.966359
1012507,12.842777
1003514,13.200811
1008680,12.960215
1001048,13.654451
1009306,13.833062
1002808,12.580852
1013767,13.380984
1003098,13.379056
1015467,13.803726
1000732,13.273861
1012332,13.36201
1016463,12.11877
1008306,13.102059
1000082,12.406213
1016942,12.611054
1005131,12.316319
1012116,12.84093
1001352,12.526931
1010888,13.818415
1016602,13.170484
1004492,12.400856
1005418,13.424435
1013371,11.994721
1015183,12.88512
1005090,12.570126
1016445,13.345593
1011665,13.921433
1008838,13.145753
1008874,13.684445
1012856,13.170602
1001188,13.176389
1001187,13.23315
1008604,12.143775
1014429,12.980488
1002847,13.124077
1001025,13.058552
1015817,13.837769
1005642,13.052076
1006378,13.992463
1001069,13.639446
1014222,12.92626
1016125,13.474585
1002759,12.501887
1011156,13.343776
1011969,12.933672
1001545,12.914572
1017127,12.816501
1002355,12.38399
1014169,13.164515
1008570,13.156891
1004005,13.878553
1004894,13.295708
1012897,13.166994
1003477,12.852192
1016230,13.521344
1002997,12.54685
1009934,12.491338
1009074,13.530887
1017484,13.784461
1008101,13.328084
1002220,13.454134
1015864,13.452799
1014237,13.746821
1002982,13.370471
1009718,13.96113
1009757,12.832287
1006687,13.881509
1014726,12.077987
1002009,12.222918
1013798,12.855877
1017131,13.079507
1007602,13.078396
1016980,13.909172
1005173,11.770286
1016941,12.707998
1002924,13.454492
1009576,12.057834
1002851,13.073564
1008706,13.051569
1017475,13.96412
1004393,11.757818
1009382,13.829724
1003761,12.713275
1010699,13.121651
1013530,13.09412
1002399,13.140994
1015545,12.803862
1008940,13.413275
1002871,11.962541
1006334,11.804246
1010723,13.154639
1014722,12.436189
1004260,13.743969
1009453,13.397498
1002785,12.729851
1010931,12.808976
1002958,13.198137
1017144,13.231172
1006265,12.751743
1008271,13.573198
1006945,13.015744
1008172,12.86911
1008449,13.542811
1014495,12.959347
1011614,13.729045
1009895,13.042152
1010979,13.466541
1008507,12.894174
1015957,13.013225
1001535,12.464886
1003583,13.360592
1002687,13.536869
1010112,13.008316
1015560,13.322763
1014494,12.988641
1011340,13.564909
1000258,12.1436
1003971,13.637224
1001035,13.882482
1010408,12.936134
1010056,13.368195
1009680,12.676785
1014770,13.335488
1015729,11.959403
1016113,12.953002
1006018,11.982835
1000288,13.800786
1005715,12.143672
1001051,13.552714
1005120,13.879839
1016506,12.940525
1015788,13.034668
1012567,13.425632
1005501,13.039932
1015647,12.705501
1006683,13.10101
1010920,13.581591
1008340,13.031016
1006967,13.206551
1014171,12.916747
1012701,13.338066
1000794,11.827897
1011295,12.851389
1006299,12.241988
1008185,13.870856
1014147,13.584059
1005204,12.407933
1016261,12.816325
1006263,13.350798
1015917,11.805873
1004785,13.847233
1006505,11.79858
1011258,12.548126
1000552,12.828095
1014923,11.75113
1007880,13.641689
1015400,12.71098
1009180,13.002657
1013396,13.3069
1001661,12.837592
1016813,13.033495
1012556,12.244264
1015223,12.546935
1005332,13.215471
1004594,13.744723
1007812,12.976243
1011192,13.972334
1001841,12.88488
1008180,13.262889
1013870,13.057324
1013079,13.245861
1014975,13.023618
1004098,12.558431
1008774,14.009937
1003191,13.15314
1009068,13.907341
1005009,13.696159
1014303,13.694666
1012081,13.744307
1012925,12.213101
1013875,13.218834
1014159,12.106488
1008231,12.885796
1000863,12.081798
1004737,13.567434
1000902,13.494506
1013830,12.544592
1004371,13.278677
1017294,13.617543
1006380,13.120685
1008036,13.183257
1004739,12.786107
1000942,12.62781
1002715,12.493585
1011741,13.156463
1011496,13.694599
1004442,12.807978
1007132,13.129823
1004358,12.994185
1002891,13.211994
1013353,13.128007
1016443,13.047464
1003231,13.26853
1004702,13.070329
1004229,11.989658
1004015,12.729451
1010572,12.651215
1001996,13.383711
1009722,12.658645
1006989,13.68413
1005792,12.703617
1002780,13.177694
1005719,12.519257
1004866,13.08963
1002711,12.835753
1016401,13.799985
1006179,13.612788
1008557,12.432337
1008723,12.920652
1006642,13.289553
1014450,13.829304
1008241,13.920504
1006578,13.511915
1007052,13.872894
1010958,12.550535
1017573,12.252009
1009439,13.445998
1016274,13.261808
1001137,12.874369
1000215,13.066803
1012285,13.520511
1014276,13.596634
1013694,13.690778
1009251,13.690867
1009481,13.043909
1007043,13.147236
1012141,12.835994
1009059,12.765628
1010871,12.335888
1010325,12.128968
1001892,12.747497
1008412,13.986423
1008786,12.546983
1008526,13.884407
1016026,12.349538
1002297,12.125945
1004564,12.263918
1014921,11.907833
1009380,13.241229
1004882,12.368763
1012888,12.856472
1000091,13.272356
1001235,13.859209
1010006,11.858394
1015990,12.699555
1006666,13.471639
1008012,13.691191
1008022,12.9112
1004670,13.390773
1015794,13.928844
1007937,13.213931
1010420,12.687215
1003255,13.285055
1005572,12.38531
1006587,12.084736
1004933,13.500135
1015849,12.940244
1004704,11.785399
1001633,13.280293
1005861,13.509704
1013674,11.967657
1005528,13.47883
1004555,13.791659
1004559,13.226361
1001159,12.428637
1000193,12.90144
1009611,13.018518
1016068,13.600198
1014111,13.507323
1014140,13.851607
1003803,13.206642
1000474,13.197378
1007635,12.959038
1000666,13.494751
1016664,13.112708
1008787,12.794416
1017418,12.537852
1007575,12.60109
1004543,13.316935
1014053,13.787318
1007087,13.623331
1014764,12.931655
1009695,12.968499
1011012,11.915678
1003139,13.587156
1013646,12.793844
1002770,12.641881
1009494,12.783838
1005359,12.062987
1006824,13.087894
1002202,13.108815
1001433,12.993206
1005438,13.931487
1016060,12.450107
1014376,13.904975
1016690,13.152794
1002392,13.653363
1010672,12.439138
1015019,12.975739
1000460,13.317587
1000792,12.643274
1000266,12.154026
1006859,13.077323
1000477,12.765728
1005860,12.859766
1012946,13.23057
1011005,11.77996
1002483,12.987486
1005505,13.983077
1012215,13.40464
1008248,12.497929
1011694,13.88674
1001453,12.599
1015557,12.90254
1009299,13.100603
1007012,13.466528
1016587,13.677479
1011931,13.815534
1013903,12.478968
1009087,12.149549
1002034,13.154551
1007116,13.225223
1016130,14.006283
1009212,12.964485
1006644,13.924147
1011738,13.815488
1004363,12.784657
1002428,13.124738
1001088,13.60111
1003238,12.574609
1006042,12.749039
1003625,14.038597
1013363,13.122992
1002015,13.945843
1006408,12.545647
1001411,13.100666
1002762,12.05408
1003285,13.193528
1016938,13.318839
1006078,12.720289
1016115,12.593448
1000882,12.71176
1000929,13.546132
1002799,13.232999
1002815,12.967874
1011371,13.915625
1016625,13.749696
1011574,12.102574
1011936,12.761102
1013730,12.54838
1002143,13.648355
1011452,13.574333
1009384,13.518928
1011071,12.779799
1013508,13.600971
1003833,12.977956
1014611,13.160837
1002336,13.83721
1000631,13.665131
1001374,13.776806
1012570,13.025009
1003032,12.796767
1014027,11.823892
1015121,12.871366
1010746,12.712089
1004907,13.25336
1012477,13.656266
1009751,12.097597
1005212,13.974201
1004911,13.433845
1001059,12.456644
1004650,13.482976
1012287,13.355317
1003965,12.679109
1009684,13.151375
1006603,13.191801
1003574,13.406059
1012086,13.844727
1009892,12.840868
1001697,13.88559
1012929,13.052001
1006823,12.525112
1002419,12.936665
1009266,13.109062
1003575,13.494784
1013746,12.797598
1015919,13.631574
1011481,13.217255
1006726,12.438094
1010531,13.432154
1000604,13.77505
1000601,13.400263
1017020,12.090323
1003117,12.938864
1010985,13.683766
1013934,12.977391
1000140,12.659254
1010207,12.779994
1013666,12.995908
1013972,13.678972
1004121,11.849561
1002456,12.696596
1003292,12.252504
1004387,13.880404
1008853,13.258645
1004437,12.520915
1002272,13.644877
1016387,13.562806
1000596,12.399007
1010329,11.971693
1010762,13.474425
1003762,12.891518
1011825,13.306005
1015429,13.130352
1005408,13.060765
1014570,13.514983
1005024,11.705856
1006597,12.598046
1017510,13.039769
1015370,13.902962
1014556,13.267326
1010108,13.070561
1006184,12.909728
1002171,12.054619
1005064,12.388531
1017434,13.968394
1004351,13.026268
1000510,13.912509
1003834,12.585904
1016859,13.808632
1012323,13.545036
1003383,12.780466
1012009,12.001943
1000039,13.496579
1009764,12.912974
1006987,12.929951
1009598,11.944776
1017394,13.185509
1009333,13.879339
1009865,13.222994
1014258,13.709803
1017356,13.084085
1012182,13.165468
1005691,12.162406
1003976,13.917099
1006971,12.320281
1001128,13.324679
1012895,13.329875
1007070,12.657818
1016837,13.590817
1010190,12.795075
1004815,13.926411
1010916,13.929352
1011136,13.867409
1007306,13.873954
1009341,12.499129
1004204,13.387533
1006894,13.60901
1008985,14.02365
1013456,13.805507
1002179,12.97381
1012926,13.561986
1001245,12.373155
1012842,13.734764
1006940,14.009187
1005827,12.064694
1016849,13.750529
1003931,13.055588
1002543,13.416756
1016933,12.322883
1012346,13.287111
1001439,12.07802
1008593,13.889418
1010352,13.307654
1009007,12.760011
1010663,12.805415
1014236,13.048515
1012447,12.705753
1002393,12.591474
1013817,13.435747
1012169,12.802145
1013462,12.323729
1000318,11.873292
1008603,12.268306
1016279,12.731117
1000496,13.682512
1001421,11.865701
1008833,13.258334
1013397,13.14986
1008069,13.197178
1013274,12.968026
1012371,13.196541
1014573,13.194245
1006458,13.302216
1004065,13.334771
1000392,13.098042
1007965,12.592238
1003649,13.537839
1001330,13.619039
1013356,13.082551
1017140,13.5831
1008806,12.98308
1009965,13.063071
1012111,13.219837
1000191,12.231724
1017110,13.557935
1002113,13.371597
1000663,13.343059
1006094,13.104745
1013277,12.722101
1012935,12.984537
1006120,13.396559
1016601,13.620323
1008890,13.267662
1005972,13.367868
1008897,13.79745
1015337,13.115371
1002408,13.066988
1010815,12.091512
1006969,12.635322
1015480,13.008155
1002966,12.34119
1000451,13.16208
1013268,12.465675
1001214,12.639362
1004267,13.057024
1006851,12.916611
1014190,13.287895
1001390,13.712708
1008384,12.14805
1000633,13.417506
1000058,13.995116
1015540,13.033786
1001328,13.175429
1010098,13.540102
1013453,13.036799
1014050,13.166743
1004898,13.626629
1009643,13.859515
1000408,12.496347
1012606,12.501192
1001322,13.906445
1011370,13.891509
1014252,12.584743
1003688,13.14521
1002676,13.158318
1010786,14.038411
1003204,13.819017
1012586,12.846127
1016307,13.05743
1001013,13.486326
1007174,13.147649
1013661,12.838028
1009878,12.633233
1001273,13.495786
1000141,13.420833
1002717,13.885816
1013588,12.888193
1016843,13.050541
1007911,12.455676
1003453,11.856525
1004400,13.104817
1015056,13.005222
1003245,13.646993
1012157,12.630076
1015068,13.760395
1000202,13.053929
1013828,13.160822
1005079,11.881767
1005602,13.814342
1011057,12.83516
1016785,12.759296
1014405,13.790525
1003610,13.46267
1001744,13.857057
1015441,12.441712
1005750,12.660612
1005579,12.83543
1004075,12.953449
1012705,13.398244
1008980,12.098953
1008628,12.777085
1010183,13.515406
1006947,12.323733
1000475,12.856623
1006019,12.804176
1004355,12.278226
1011207,13.939716
1006293,12.573388
1000964,12.531562
1009648,13.088649
1005363,12.999077
1010842,13.824987
1016658,13.446165
1008418,12.08207
1003880,11.746274
1016024,12.568971
1011525,13.647136
1005833,13.510037
1003391,12.139773
1000815,13.020014
1007898,12.521083
1015070,12.727905
1002654,13.751708
1015925,13.49763
1006609,13.137054
1011752,12.758261
1015883,13.626988
1013113,13.379089
1006382,13.024148
1012811,13.83573
1006360,13.367678
1005440,13.471671
1005112,13.448583
1008627,12.224897
1009955,11.936929
1000682,12.839621
1008504,13.874129
1005890,13.944603
1009781,13.628284
1007261,12.609895
1014321,13.926322
1017245,12.824806
1005357,12.386282
1016373,12.617063
1008525,13.804279
1016979,13.90934
1017102,13.738599
1010922,12.869746
1014904,12.318139
1001274,13.213239
1013738,12.198855
1000038,13.281459
1008641,12.619812
1001133,12.444251
1011205,13.990498
1013969,12.864027
1008818,12.836259
1014654,12.425806
1015153,13.749075
1008417,12.952304
1006362,12.541094
1014549,13.150211
1017366,13.098748
1000132,13.061162
1006675,14.024449
1009656,11.96887
1002733,12.984084
1003695,13.476972
1002791,13.952761
1008900,12.981621
1004201,12.186238
1003050,14.028256
1007896,12.64178
1013900,12.993272
1006447,13.247138
1017063,12.602776
1001222,12.872885
1014305,12.514253
1009329,13.067013
1008278,12.655519
1011775,13.5516
1003589,13.935912
1003818,13.205263
1007458,13.678912
1006670,13.971729
1007257,12.276225
1007765,13.63108
1006289,12.719364
1011895,13.431621
1012145,12.673062
1012364,13.800807
1010114,12.943007
1015374,12.448242
1001102,12.790772
1012481,13.101199
1016017,14.027414
1008656,13.191992
1002594,12.053221
1007395,12.846856
1008116,13.63912
1013316,13.441786
1005157,12.826491
1005276,12.305113
1017602,13.682082
1013927,12.555388
1002391,13.821814
1016586,13.373078
1014627,11.977214
1013475,13.31258
1008908,13.566267
1013153,13.046932
1012485,12.421248
1011808,12.739111
1006617,13.057098
1001742,13.19242
1004209,13.409134
1002453,13.925304
1014157,13.609375
1001793,12.822076
1013238,12.167663
1010326,13.632753
1016597,13.170851
1009287,12.809319
1006390,13.805441
1002072,13.629845
1001524,12.925176
1000233,12.655045
1010899,13.218709
1013066,12.329557
1013684,12.220593
1017103,13.145833
1013993,13.662519
1017192,12.679911
1002813,11.883883
1000445,13.359463
1015764,13.133363
1007031,12.596911
1004101,13.19508
1015724,13.311123
1014745,13.521093
1012666,12.946359
1011529,13.264466
1015943,12.004067
1006729,12.601327
1007472,13.165397
1005062,12.108931
1005683,13.218804
1005013,14.018959
1001138,13.194106
1014851,13.00339
1014629,12.850639
1017221,13.414917
1006855,13.25446
1003676,13.782407
1006141,13.151096
1015954,13.181696
1012502,12.752017
1000249,12.317904
1011524,12.810186
1012574,13.006996
1014057,13.460367
1008023,13.12538
1002096,12.769928
1005002,12.83468
1014938,13.341253
1012130,12.900316
1010665,12.988665
1007405,11.999911
1000561,13.157153
1013783,11.910068
1009383,12.551789
1010164,12.982988
1014893,12.216196
1016133,13.140633
1007166,13.652022
1001884,12.262768
1015959,13.980802
1009375,12.804083
1002832,13.265162
1014833,12.611566
1008111,13.36942
1009888,12.054775
1002534,11.763046
1014799,13.23823
1006333,13.348172
1005392,12.827226
1009293,13.785866
1011335,13.113924
1009448,12.97885
1013329,13.238452
1014242,13.112175
1015288,12.812883
1016688,12.578217
1015159,12.501025
1002063,13.895981
1005978,12.994324
1002578,12.15448
1013144,12.883273
1006632,13.135379
1015589,13.858618
1003547,13.6632
1008052,13.323977
1007858,13.545807
1001972,12.531408
1005317,13.130436
1008346,12.803937
1005732,12.561898
1003302,13.785804
1015436,13.857087
1008986,12.80857
1009941,13.877795
1006798,13.568387
1011257,12.003017
1006160,12.153375
1013514,13.37738
1015096,12.763374
1003344,12.846474
1016309,12.412489
1014439,13.077309
1003968,11.74769
1016392,13.522659
1010554,13.683691
1000985,12.923602
1016657,13.57869
1008075,13.011747
1007342,13.799844
1012919,13.786452
1002311,13.041801
1007839,13.958112
1004339,13.248174
1008712,13.84642
1016881,13.301932
1010848,13.635676
1012731,12.818435
1006191,12.680944
1001565,13.147142
1005800,12.411007
1010969,12.815187
1002471,13.550731
1005087,13.53619
1001611,12.86661
1010585,12.782713
1000903,12.631009
1016871,12.856302
1009103,13.469085
1001014,13.153144
1009599,13.067376
1001327,13.928688
1013470,12.871672
1007518,13.734977
1000625,12.959048
1011169,13.497248
1006831,12.545102
1004131,12.624809
1005544,12.166828
1011843,12.633447
1010897,13.850953
1005329,13.674844
1012273,13.81448
1006251,12.29909
1015575,11.728173
1006640,12.914108
1011988,13.606789
1000506,12.777709
1004462,12.765588
1001109,12.560389
1012843,12.794472
1007894,12.313856
1012017,12.277374
1008347,12.832835
1016606,12.970449
1009071,13.658387
1004835,14.038315
1012757,13.739815
1007319,13.224974
1012101,13.668923
1001488,13.956033
1008626,13.830318
1000165,13.050754
1009966,13.132223
1003524,13.111925
1001693,12.030992
1016457,13.884398
1010347,11.887766
1006260,12.473618
1014907,12.262147
1009392,13.908025
1006993,13.424748
1010734,12.314953
1008285,12.384693
1005458,12.687092
1001483,12.396049
1011531,13.0355
1016384,12.159831
1004937,13.721135
1005221,12.729663
1006604,12.545467
1000969,13.278633
1012755,13.099142
1013175,12.177964
1003462,12.74701
1003599,13.479465
1015821,13.426584
1016158,13.440737
1002742,12.743065
1016123,13.470249
1004724,13.965126
1009519,13.579039
1016499,13.443864
1012231,12.817937
1005785,12.612465
1014845,11.905269
1000077,12.812706
1013341,13.836803
1001003,13.184075
1000810,12.97023
1016566,11.945964
1001695,13.602581
1007508,12.985317
1005037,12.256886
1006255,12.827028
1003452,13.733291
1012529,12.363189
1015646,13.146645
1011457,13.258422
1008832,13.138172
1003819,12.318561
1001454,12.935226
1009805,13.296948
1010283,13.624661
1007284,13.910788
1005725,12.542956
1002318,13.836258
1010991,13.668708
1008356,12.379418
1002314,13.573015
1002413,13.165296
1017537,12.31759
1015694,13.116486
1013850,12.161459
1003059,12.800645
1010999,12.72494
1004438,11.971333
1009675,13.029604
1012583,13.308475
1010319,13.085032
1017273,13.165966
1008296,13.495087
1008372,13.901491
1004830,13.813212
1012523,13.383038
1005048,13.246081
1007722,12.912954
1016906,13.254942
1013101,12.590253
1008729,12.690581
1013193,13.15808
1013809,12.283449
1001373,11.909211
1006693,13.771053
1012565,13.629876
1016145,13.60463
1000146,13.385252
1007982,12.688482
1008738,12.928783
1010574,13.181314
1014143,13.978018
1006555,13.012259
1011725,13.47377
1009406,12.562521
1009367,12.919939
1005459,13.789166
1017288,12.939268
1002873,13.874748
1005466,13.349301
1006496,11.990487
1015144,12.338973
1008614,12.888501
1010816,13.645531
1003750,13.120315
1006347,13.087076
1004507,12.975707
1011000,13.445011
1009709,12.590399
1014320,12.909859
1005364,13.459091
1012657,11.901038
1011355,12.837367
1004961,12.893204
1010771,12.248415
1001778,12.33905
1015295,13.614217
1013304,12.556556
1005413,12.360383
1016679,11.775953
1003551,13.204579
1009482,13.628392
1000270,13.306329
1008055,13.159866
1009999,13.417892
1010310,12.761541
1014712,13.733821
1012782,12.743582
1010054,12.761495
1004089,12.152772
1015940,12.884938
1000021,11.911641
1007978,13.818954
1005961,11.991601
1008804,13.475275
1014909,13.224047
1008195,13.334002
1013614,12.91583
1007917,12.868629
1012881,13.359601
1010269,13.319603
1016241,12.496064
1011400,12.354299
1014322,12.833283
1001178,13.144963
1010775,11.969048
1006475,12.383828
1006314,13.507526
1012904,12.932624
1017252,12.101327
1012603,13.116087
1005944,13.654077
1013073,13.158399
1015898,12.844041
1012250,12.741669
1015338,12.827266
1003510,12.351428
1008355,13.391414
1012032,12.699372
1014456,12.9972
1003572,12.356792
1008202,12.411889
1000373,12.90532
1016408,12.515135
1011267,14.008649
1014225,13.67018
1007155,13.059659
1001556,12.950419
1005036,12.390195
1008038,12.421777
1010346,13.643934
1004722,12.392996
1006386,13.897422
1008010,12.773987
1015844,12.499054
1007702,13.476213
1017396,12.669176
1016910,13.636244
1013885,12.977752
1016266,13.158203
1004518,12.247171
1011491,13.247309
1003944,13.435977
1013017,12.849332
1001857,13.744462
1016892,11.869403
1003070,12.791157
1001520,13.019432
1001321,13.983643
1007072,12.760803
1000264,12.782058
1015671,13.171462
1015770,12.858805
1014139,13.349068
1001306,11.986003
1010685,13.269249
1008861,13.907255
1003850,13.302116
1009824,13.951476
1007688,13.907117
1015863,13.81665
1006770,13.868371
1013352,13.282614
1000618,12.96253
1014959,13.809026
1002535,13.650953
1012948,11.84711
1000124,13.449031
1005693,13.261509
1008966,12.652953
1008037,12.635017
1001732,13.854111
1011459,12.970645
1015624,12.086405
1013219,12.315545
1008408,12.943542
1015114,12.810847
1004211,12.519959
1006441,12.422834
1004700,12.895958
1016526,12.313098
1010935,12.307948
1006523,11.750199
1008822,12.767344
1003349,12.861797
1012952,13.0237
1016237,13.869842
1013447,13.196684
1013289,13.000766
1013496,12.303572
1011985,11.953492
1008805,12.657667
1014673,13.089725
1010563,13.154246
1013282,13.409566
1004928,13.601211
1015524,13.681185
1012569,12.328957
1017454,13.08606
1007017,13.329605
1010028,12.849555
1000690,13.439346
1015489,13.883421
1006409,13.125089
1001360,13.368948
1013874,12.321004
1008106,12.87877
1016867,12.796444
1016461,12.365036
1011605,13.333261
1009226,12.619998
1005815,12.587539
1013119,13.614735
1011492,13.343378
1010252,13.706442
1000400,13.60405
1012451,13.369355
1014324,13.537122
1007369,12.950006
1001848,12.777795
1003587,13.728658
1016876,12.508546
1010353,12.393172
1012097,13.231333
1012208,12.630584
1011135,12.411032
1002327,13.860018
1016280,12.572081
1007298,12.93656
1015546,13.792836
1009219,13.154097
1005954,13.666131
1000419,13.271592
1010432,13.629678
1017133,12.848849
1012299,13.003674
1000567,12.711667
1003955,12.809892
1004426,13.959148
1015612,13.631649
1017114,12.216281
1005761,12.578374
1013760,13.743723
1010720,13.718396
1016208,13.76685
1001710,13.872462
1005126,12.720477
1002619,12.983312
1000779,12.484121
1015564,12.487546
1002613,11.796661
1013563,13.187367
1010286,12.980773
1010180,13.712903
1006992,13.214231
1013564,13.653701
1014228,12.718944
1014219,13.713802
1006585,13.954469
1014492,13.502173
1008522,12.203366
1008752,11.995988
1005916,12.680992
1006629,13.727481
1015685,12.756499
1003206,11.715695
1013597,13.904617
1001992,13.40647
1010043,13.365596
1013343,12.712896
1000087,13.072785
1008358,13.283366
1012383,11.735709
1000533,12.915255
1001546,13.0202
1006462,13.021457
1016132,12.932664
1004850,13.837501
1007598,12.936819
1016593,13.078522
1009271,13.466655
1006913,12.773178
1017369,11.900327
1000695,12.617663
1010383,12.429998
1013337,13.648924
1009671,13.444026
1004415,11.768533
1005278,12.037264
1010695,12.924188
1000017,13.083956
1003664,13.48841
1009571,13.19412
1005581,13.863031
1001009,13.613954
1016708,13.760461
1013833,13.305397
1017502,12.141702
1001479,12.869215
1000712,13.282829
1015143,13.086535
1004372,13.081851
1006958,13.852547
1001536,12.96056
1015842,13.036098
1002805,12.106755
1017449,12.769981
1005530,12.711367
1006880,13.751875
1005039,13.480153
1004074,11.702384
1003956,13.608751
1011707,12.767255
1011593,13.652646
1011601,13.234679
1005632,12.966053
1003199,13.484366
1005305,12.885339
1012698,12.235472
1005808,12.630628
1011771,13.211205
1005407,13.33373
1004738,12.32097
1004826,13.771144
1002186,12.944935
1005365,13.060899
1000951,12.66565
1009700,12.974982
1004776,13.203844
1013844,12.857263
1000588,12.698827
1000819,13.122513
1002590,13.24956
1003918,11.802923
1011060,12.439504
1015226,12.642858
1000151,12.916988
1008982,12.285341
1012015,13.426828
1010837,13.643623
1017422,12.926341
1004878,11.911173
1001722,14.036653
1003536,13.184942
1005681,12.895952
1015082,12.827664
1009149,13.823001
1015582,13.647834
1003116,13.599544
1016438,12.425993
1000746,12.777796
1005923,12.806041
1002979,13.433074
1006174,12.899013
1014454,12.602747
1011089,12.189884
1013400,12.850175
1014115,12.688602
1014052,12.963189
1007041,12.82689
1016039,12.424748
1007099,12.045882
1002221,12.573344
1000836,12.86401
1017005,12.191208
1015594,12.624917
1004171,13.085998
1015319,13.144013
1007617,13.843711
1017106,13.387931
1004498,12.856808
1011307,13.886087
1016944,13.941086
1011739,12.738064
1002093,13.208961
1000546,13.140532
1012936,13.124572
1008709,13.544052
1011595,13.190488
1010567,13.410175
1006841,12.847086
1002781,12.879881
1008204,12.981479
1014087,13.330054
1007971,12.429244
1007556,13.159185
1014980,13.17868
1004198,13.700537
1002921,12.70896
1003498,14.065744
1015105,13.789357
1002062,12.634009
1013812,13.005374
1016569,13.433659
1006241,13.396975
1013910,13.40261
1014517,12.590591
1003107,12.39526
1017325,13.039983
1014455,12.392516
1009038,12.761571
1008373,13.611962
1006669,13.520591
1010933,11.998844
1001208,12.141171
1004491,13.37641
1011578,12.798816
1005598,13.866998
1005596,13.461549
1014691,13.003748
1004018,11.930005
1013468,12.472866
1009012,12.896103
1008192,13.334225
1013982,13.225721
1005892,13.799875
1009940,13.93338
1004563,12.841343
1006840,13.528014
1006223,12.872438
1012492,13.96025
1011534,12.703255
1009202,13.159039
1001967,13.025543
1007118,12.256652
1003537,12.839075
1001887,12.910925
1005816,12.77737
1003148,13.429725
1011609,13.070888
1013072,13.639477
1016400,13.549814
1015833,12.921265
1015678,12.27235
1017522,11.785423
1010898,13.006975
1015899,12.622749
1015590,13.414495
1004885,13.872133
1016434,13.148702
1015128,13.405837
1007081,13.053534
1014993,13.693788
1000289,12.298681
1002955,11.802418
1011598,13.067607
1017060,12.39514
1011643,13.964862
1008064,13.61233
1006540,13.519203
1013512,12.707067
1011586,13.89238
1007864,13.850712
1012227,13.437354
1007625,12.615635
1009355,12.806002
1011293,13.796961
1014433,12.681334
1000499,12.771045
1014010,13.215919
1016981,12.622205
1004009,13.767614
1000587,13.953357
1017125,13.990006
1016065,13.488697
1013114,13.899303
1007728,13.156936
1010351,13.879249
1008717,13.07162
1008995,12.250073
1001450,11.944965
1006939,12.383368
1002347,12.744383
1010228,13.265923
1004867,12.713748
1001675,13.078728
1008988,12.407324
1014554,13.32048
1016314,13.564451
1009820,14.001005
1015609,13.546386
1016896,12.555504
1003057,12.892473
1000639,13.746263
1003172,13.372719
1016560,12.414229
1008514,12.37385
1005876,13.215385
1003210,13.039457
1006878,13.767544
1002107,12.94513
1007313,13.484248
1012026,13.035822
1006202,13.363689
1005429,13.273918
1008727,13.623809
1011362,13.510665
1010670,12.599777
1006053,11.942012
1015789,12.420838
1006236,12.730525
1016600,13.103915
1016394,12.35877
1012770,12.48314
1005780,13.351854
1010196,11.760468
1015386,13.683346
1009030,12.010908
1006328,12.876651
1015142,14.019753
1015866,13.918571
1005635,13.239241
1007848,12.909836
1013480,13.835477
1010232,12.516794
1002800,12.014764
1007819,12.756163
1005114,13.063087
1000574,13.24147
1014877,13.931834
1004364,13.39175
1012057,13.060708
1010464,13.448659
1001504,13.141713
1002870,13.483417
1015587,12.469797
1008809,13.025043
1001200,13.807016
1017278,11.730398
1010405,13.109328
1006069,13.153067
1002267,12.860849
1001196,12.926494
1015202,13.167576
1004513,12.751619
1009228,12.459156
1003638,13.438462
1004480,13.16713
1014850,11.986744
1008240,13.638277
1015269,13.288819
1008302,12.437052
1002549,12.602504
1008549,12.775784
1009848,12.940304
1002353,13.634005
1010129,12.084224
1000216,12.131655
1017474,12.978632
1000705,13.474256
1003118,11.95288
1013542,11.930122
1016865,13.505501
1002540,12.93916
1008420,12.696289
1015668,13.409171
1015944,13.047871
1000960,13.851783
1002000,13.064877
1001784,13.7592
1016595,13.701744
1017407,13.285394
1010371,13.682732
1009061,12.560614
1000175,12.737684
1004173,12.674462
1014072,13.419527
1010278,12.567866
1006146,13.400677
1006721,12.747287
1010142,12.103662
1007259,13.650406
1004290,12.809376
1015640,13.99832
1016767,12.361902
1005823,13.261039
1009347,13.353649
1016150,12.665082
1017379,12.980311
1016759,12.315515
1006664,13.667385
1005184,12.667397
1014162,13.935981
1015302,13.059966
1012734,12.573625
1007159,12.666046
1001716,13.309801
1014839,13.057523
1014224,13.859669
1001768,12.115759
1003742,11.946808
1000227,12.711307
1005493,13.209899
1012985,11.968905
1008612,11.88753
1006187,12.742289
1007302,13.292104
1007899,12.553785
1016510,12.04541
1004691,12.980155
1009893,14.028542
1012138,12.769739
1001981,12.52853
1008782,13.711609
1007679,13.031965
1012348,13.114075
1003960,13.894669
1003888,12.017811
1013485,13.777518
1008816,12.857833
1011537,13.82756
1008876,13.747266
1004790,13.154868
1015347,13.423894
1007578,13.448158
1002659,11.872948
1009041,12.491998
1004150,12.562529
1003675,12.615219
1000136,13.19962
1014848,12.785104
1001918,13.972118
1002406,12.624576
1000012,12.095628
1006418,13.554849
1005790,13.816825
1012912,12.964406
1006545,13.355804
1009726,13.307072
1010918,12.607166
1002577,11.969327
1010304,13.047577
1012223,12.082979
1003623,12.875741
1013626,13.471719
1003647,13.866246
1006876,12.716599
1015989,13.274809
1000495,13.350369
1007645,13.231877
1009286,13.965743
1003809,12.78013
1002556,13.473248
1000605,12.226721
1016057,13.776784
1010834,13.63367
1011779,12.898045
1002359,12.385515
1006789,12.743413
1001062,13.05603
1004138,12.990189
1002585,13.902141
1015631,13.843353
1000478,13.092171
1013577,12.869263
1010493,12.568798
1010777,13.73432
1010466,14.021473
1012464,12.879861
1004111,12.826154
1000620,12.741247
1014754,12.69126
1013432,13.170959
1013689,13.452084
1015561,12.426577
1008409,13.89905
1012355,12.332222
1001485,12.315097
1001046,13.905023
1002156,13.79937
1011902,12.17387
1000161,12.377411
1007380,13.186229
1004469,13.375136
1016934,13.058446
1012450,13.273811
1008029,13.517544
1013550,13.382258
1014715,13.822224
1006988,13.15994
1007194,13.16867
1014317,12.884938
1017059,13.286746
1005534,13.64632
1004135,12.71481
1013989,12.594763
1000700,13.811336
1012959,11.857467
1002110,13.256007
1010885,12.974158
1008701,12.524604
1009183,12.625129
1004718,12.141594
1016038,13.012477
1008067,13.461517
1017400,13.735635
1008193,12.634579
1006481,12.810985
1010804,11.974014
1014636,13.26016
1007692,12.938448
1000943,13.184063
1013984,13.49609
1005232,13.920471
1002977,12.275624
1016138,13.475842
1009144,12.555674
1011197,13.537172
1002692,13.010649
1016562,13.216579
1015712,12.8548
1012766,13.765571
1013578,12.021922
1014096,12.730548
1003726,12.654792
1001316,12.987153
1013251,13.828037
1012368,12.873831
1017303,13.192541
1013384,13.327926
1008026,12.193044
1003810,13.293805
1000072,13.56175
1012572,13.778964
1013176,12.8667
1009644,12.175602
1012093,12.640073
1002146,13.289285
1015119,13.952939
1006828,13.497693
1017569,11.927227
1006932,12.893164
1005686,13.852749
1002846,13.563568
1012066,13.006892
1002917,13.471477
1015985,12.225998
1003369,12.135003
1017532,12.819244
1007481,13.31836
1009910,13.576451
1016048,13.74401
1000385,13.734797
1004662,13.716843
1003654,12.91211
1008044,13.127481
1013281,12.746892
1001939,13.033183
1010710,13.063833
1012602,13.312426
1012315,12.973557
1015692,13.0708
1010631,13.131761
1007799,12.888607
1011379,12.481127
1004093,13.282767
1016160,13.658873
1013012,12.563974
1017171,12.905834
1012139,12.842538
1017206,13.375227
1002625,13.877097
1004165,13.736719
1005810,12.437129
1014932,14.006159
1007235,12.82306
1013411,12.332219
1003954,13.857952
1016008,13.813035
1011770,11.708886
1004484,13.164368
1008313,13.072244
1005430,12.767051
1007683,13.08448
1014297,12.375493
1003265,13.425031
1017210,12.051347
1013385,12.349997
1004298,13.111045
1013560,12.607916
1011106,13.471123
1011391,13.361209
1000173,13.208356
1012270,13.233341
1013063,11.725381
1003858,12.985383
1008975,12.747763
1002558,13.163046
1010683,13.504095
1006285,12.810946
1000195,12.723659
1008829,12.709778
1017098,13.499246
1009039,12.911096
1000534,12.63043
1015468,13.390148
1005713,13.486847
1010275,13.032452
1000083,13.256388
1007624,11.79833
1015654,12.484665
1016243,12.436178
1012700,11.870086
1014489,13.772626
1013739,13.518533
1008946,13.325034
1010518,12.365981
1016914,11.948045
1002551,13.555726
1010441,11.857091
1012736,13.774775
1001993,13.422714
1005840,13.095889
1016565,13.296919
1005124,13.417276
1015672,13.601634
1009313,13.199036
1011226,12.81871
1014193,13.30819
1012156,12.511973
1004493,13.155105
1001533,12.400847
1016504,13.874318
1002396,13.654897
1010613,12.698784
1003627,13.769087
1006204,13.784339
1011151,13.479525
1013325,13.436212
1011414,11.695335
1002595,12.694229
1003046,12.470346
1007621,12.280835
1015710,13.897272
1017023,12.590301
1007597,13.076775
1013439,12.249334
1006452,12.959281
1007914,13.862909
1003416,13.771742
1016854,13.904922
1015287,12.76117
1000931,13.061483
1017425,12.371042
1010297,12.777434
1010508,12.931379
1006698,13.054597
1004323,12.183077
1007867,12.395908
1011460,12.595663
1010137,13.031024
1016894,11.711244
1016339,12.723181
1015983,12.563044
1017368,12.607794
1000431,12.795672
1016371,12.723788
1012286,13.103855
1004780,13.783022
1009938,13.499428
1007882,13.821365
1004216,13.085344
1012747,12.890753
1003261,11.717487
1012692,13.159314
1008647,13.304297
1015327,13.275101
1006708,13.860386
1000559,12.366431
1014681,12.600321
1000364,12.894456
1014912,13.143049
1015427,12.469583
1004939,13.965482
1011852,13.331043
1001521,12.245702
1013877,13.461441
1004406,12.007865
1013574,12.719822
1016470,12.752218
1017381,13.524175
1013899,13.622854
1001155,12.730987
1004963,12.776791
1004096,12.847364
1016134,13.108162
1004423,13.156646
1017274,12.431161
1008352,13.085881
1013890,13.52767
1016214,13.239533
1012813,13.647376
1013085,13.148962
1003567,13.38814
1008260,13.202775
1002418,13.260171
1001190,12.817506
1008795,13.15857
1016936,12.34979
1013796,13.333079
1010915,12.977257
1014100,13.676738
1000569,13.407838
1011018,13.713007
1013686,12.573685
1010151,13.027831
1006148,13.07465
1014255,12.489735
1015026,13.972704
1002666,12.420868
1004405,12.983812
1000111,13.899142
1004497,12.669367
1004369,13.63951
1005238,12.589514
1012815,13.491391
1008569,14.011137
1000781,13.035736
1004792,13.89802
1004296,12.714099
1015227,13.123015
1004327,13.880865
1001476,13.350216
1006331,13.948442
1001480,13.128492
1014793,12.534434
1006771,12.931266
1015629,12.126124
1011782,11.914557
1005248,13.887232
1009085,12.164738
1007983,13.23878
1011580,12.822491
1009097,12.865873
1012016,13.375878
1007761,13.255872
1009264,13.619667
1007101,13.505856
1000425,13.642946
1016290,11.878893
1004624,12.897413
1010950,13.404711
1011138,13.096337
1014655,13.789985
1004634,13.022019
1015656,13.263204
1013735,11.79235
1003945,13.65171
1002417,13.455166
1016723,12.728274
1008621,12.63536
1012436,13.117399
1003467,13.9708
1003715,12.485999
1003168,12.356979
1001100,12.834166
1003291,13.30579
1002911,12.796614
1008222,12.750175
1000991,12.726066
1003870,12.796405
1010188,12.52375
1010216,11.785697
1002014,12.288876
1015011,11.93094
1008673,13.533784
1002144,12.867499
1017601,13.189798
1015930,13.120962
1015196,13.991841
1009552,13.39538
1012211,13.495477
1001305,13.304955
1006525,12.337631
1014766,12.91924
1000187,12.405283
1003297,12.686106
1011453,13.206938
1006893,12.520255
1009054,12.944634
1009381,12.145561
1009014,12.902322
1001347,13.174612
1010312,13.788708
1003253,12.81815
1012831,12.556507
1004569,13.828535
1013410,13.09921
1000171,12.210203
1001734,13.316413
1006946,12.738502
1009078,12.835995
1009309,12.812466
1005431,13.620256
1013302,13.000544
1009769,13.873794
1007651,12.541631
1004043,12.369787
1013041,11.871951
1016576,12.703079
1000661,11.952522
1012775,13.308068
1002512,12.946157
1002114,12.834917
1012924,13.244079
1009244,12.599412
1004579,13.237317
1002289,12.41633
1006513,12.629163
1014680,12.706205
1004869,13.072534
1015075,13.950853
1007402,13.185463
1014964,13.202035
1001559,12.601697
1003347,13.84305
1000770,12.260602
1009241,12.655408
1016483,12.225896
1003455,12.903567
1005344,13.316816
1009079,12.714993
1001702,13.582948
1010171,13.297526
1002192,13.233108
1001644,12.595825
1003815,12.444713
1013419,13.074627
1006768,12.788645
1013242,12.729775
1006072,12.366531
1015879,11.993532
1003371,12.382243
1002552,12.375245
1016538,12.75844
1008679,12.911954
1010502,11.75415
1016528,13.901447
1007739,12.835932
1002237,12.594625
1002703,12.744059
1003841,13.549228
1008183,13.389039
1013369,13.558707
1002948,12.88878
1015636,13.130912
1014001,13.178002
1016966,13.497576
1008160,13.986585
1012235,12.635877
1016157,12.975655
1010689,12.328991
1003740,11.954916
1010308,13.656409
1007343,13.974368
1012795,13.857567
1003877,12.860842
1015272,12.803105
1013234,13.105046
1000843,12.663442
1000872,13.952638
1012360,12.669748
1010525,12.358834
1000990,13.366215
1017222,12.245968
1010015,12.806988
1009515,13.872548
1013028,12.639481
1013657,13.257376
1007387,13.503311
1010545,12.847711
1003844,12.891256
1011144,13.957477
1001743,12.546559
1006097,12.997675
1011911,12.264819
1008827,13.808803
1002051,13.279386
1001889,13.912414
1012337,13.299548
1006233,12.247981
1004991,12.181836
1003616,12.313675
1002914,12.008594
1002642,13.80621
1004320,12.687045
1012966,13.554823
1000505,13.64252
1001060,13.944088
1011045,12.616942
1011187,12.330631
1001180,12.529181
1003429,13.164495
1001329,13.722202
1004607,13.406077
1011651,13.142515
1006531,12.499372
1008545,12.899094
1012424,13.979517
1008307,13.00894
1014872,13.245811
1002920,12.59817
1015496,12.839141
1008929,13.024699
1007330,12.737433
1010177,12.66144
1016524,12.926922
1015755,13.055966
1014937,13.603809
1016337,11.959583
1014795,13.841416
1007690,12.704561
1008487,12.52423
1016967,13.178316
1003907,11.739245
1002632,13.150688
1014367,13.508029
1000672,11.827037
1003501,13.723871
1015920,12.096954
1001458,13.115963
1015422,12.552101
1017468,13.431999
1017466,13.953132
1000449,12.612995
1012593,13.199072
1014259,12.699774
1014782,13.501303
1005559,13.466622
1004571,13.224786
1006553,11.858885
1005657,13.726229
1014343,12.199925
1014989,12.067713
1004640,13.90125
1017605,11.957082
1006552,13.696595
1015902,12.953545
1001298,13.620347
1006925,11.773878
1002166,12.900165
1016341,12.948545
1005096,13.151449
1002140,12.678835
1016631,13.17723
1015257,13.383973
1002883,13.496772
1014298,12.585795
1000182,13.03859
1000219,13.808976
1009020,12.692896
1002090,12.406176
1001243,13.897533
1013184,13.007158
1007393,13.036799
1012854,13.477329
1016282,13.395531
1014067,13.199328
1000309,13.590267
1000825,13.533136
1017452,13.714037
1000442,13.018346
1007477,13.476935
1012973,12.947328
1011753,13.143557
1013246,13.118177
1014730,13.298378
1016317,12.372706
1005884,13.541266
1005000,13.701633
1002712,13.66567
1012293,13.809572
1009146,13.355302
1012241,11.992351
1006149,13.116696
1015485,11.894059
1006517,13.415366
1006623,12.570811
1004076,12.291663
1005798,13.531873
1001916,12.565653
1005777,13.467545
1014023,13.964171
1017057,13.399509
1007039,13.082659
1012975,12.907113
1007068,11.788946
1008998,13.586356
1012014,12.810799
1017077,13.12492
1013134,13.134224
1009979,12.851552
1015383,13.674169
1014899,13.545767
1010768,13.193222
1013222,11.956681
1011533,13.300148
1006773,13.919931
1000315,13.960638
1012794,12.208107
1002187,12.889752
1006560,14.027381
1002260,11.977775
1002174,11.92028
1014060,13.038932
1017195,14.036042
1016953,13.564737
1003867,12.941108
1016382,13.493563
1015583,12.688058
1008936,12.526843
1012277,12.738917
1010333,13.709597
1005309,13.719021
1012695,12.922724
1013236,13.752249
1013535,12.979943
1003377,13.219
1014039,13.090125
1000103,13.160966
1009540,13.873309
1007632,12.184292
1006500,12.52997
1013985,13.516255
1016929,13.870915
1017535,13.830101
1006709,12.195225
1012339,12.523328
1010082,12.983465
1007220,12.991271
1001065,13.283511
1015035,13.027561
1012352,12.704028
1016027,13.456447
1008447,12.391041
1010458,13.322143
1002245,12.782552
1014990,12.93855
1009957,13.601528
1004730,12.153471
1006435,13.282435
1011682,13.081126
1003933,13.481679
1009988,14.006602
1011819,13.951915
1006320,13.725942
1008175,12.532693
1002587,13.084236
1001830,12.793975
1016189,12.987099
1000325,12.759022
1015408,13.325261
1009845,13.862579
1010003,13.585926
1017399,13.395523
1009707,12.989494
1013207,13.47729
1001475,12.577102
1016092,13.671703
1013323,13.271993
1013226,12.708159
1015256,13.354129
1016253,12.845587
1015311,13.419626
1000222,12.27416
1005142,12.762159
1014086,13.02931
1010535,13.898292
1014983,13.498014
1005993,12.834229
1012837,13.550975
1005927,13.724526
1007643,12.617498
1000881,13.438049
1008194,12.911283
1001751,12.495216
1015089,11.851838
1001862,13.945054
1015703,13.341825
1012404,13.625305
1010096,12.719581
1003392,13.728237
1014936,13.145443
1001776,13.164836
1008808,13.302707
1007290,13.12404
1002560,12.898847
1002147,12.955045
1011848,13.266556
1009929,12.941855
1014853,13.661458
1002934,13.025382
1003426,13.157118
1002746,11.936106
1012340,12.02188
1000371,11.958732
1008362,12.9463
1007646,13.181663
1012551,13.521939
1014583,13.172016
1006350,13.688876
1017176,12.9786
1006589,13.543443
1005576,12.011804
1015249,12.911855
1010947,13.989027
1002294,11.786359
1013188,13.581563
1001906,12.747941
1017393,13.861221
1014950,12.917149
1004072,12.989771
1005453,13.444491
1014613,13.143685
1015181,13.22421
1009400,13.484061
1008203,13.588283
1006935,13.138902
1001114,13.490786
1013685,13.103962
1006684,12.70237
1012732,13.837427
1011899,12.341127
1015721,13.477839
1000255,13.705307
1010989,13.616238
1014970,13.058407
1016750,13.310566
1009323,13.849904
1005973,13.549832
1011930,13.481868
1000852,13.20385
1016437,13.174381
1012806,13.093802
1002909,12.534439
1006368,12.925371
1008288,12.611151
1007720,13.23594
1010731,13.082425
1003513,13.287902
1004845,12.99269
1007984,12.894035
1014855,13.632269
1008326,11.855455
1000004,12.64864
1003544,12.89174
1015360,12.071434
1007127,12.336527
1004304,12.066161
1012324,13.350265
1009803,13.512538
1006618,12.71419
1014436,12.763136
1002601,13.151147
1014645,13.07872
1001186,12.563944
1017120,13.329376
1007579,12.609285
1001121,12.716103
1013612,12.745623
1001312,13.565051
1009856,13.325967
1014669,13.488103
1012239,13.03851
1006476,12.720852
1001024,13.603429
1001194,12.560195
1009005,12.273226
1000816,13.183269
1002290,13.847747
1005170,13.290542
1004140,13.172922
1012409,11.698356
1008613,12.111105
1000997,13.821992
1014753,12.648556
1010378,12.360343
1011420,12.303739
1002940,13.510565
1015738,13.882477
1014841,13.152513
1002177,13.49689
1009334,13.287552
1015740,13.148213
1000432,13.549001
1011083,12.245035
1016182,12.456722
1014488,13.24518
1004189,13.838664
1002582,13.104636
1005014,13.104635
1008164,12.765068
1005901,13.359979
1004675,13.564058
1016135,13.126431
1008965,12.603184
1008049,13.00864
1009171,13.094739
1005784,13.167168
1001975,13.544068
1009908,13.518191
1014834,13.147905
1009362,11.919278
1006595,12.925193
1005703,13.723169
1008639,13.002678
1004753,12.862081
1012335,12.840114
1008472,13.015337
1015759,13.116103
1009882,13.836591
1016093,13.173894
1003160,11.868256
1013441,13.196756
1010882,13.897981
1010954,12.738893
1010016,12.103113
1007205,13.110158
1001006,12.801836
1013124,13.276831
1007170,13.906118
1003646,12.538687
1011730,13.365906
1003691,13.190312
1000597,12.830004
1003177,12.675956
1009435,13.22421
1012659,13.335642
1006311,12.11444
1003869,13.435021
1015013,13.447705
1009670,13.689133
1002834,13.191038
1012073,11.960419
1007209,12.354796
1000784,13.011992
1003824,12.739771
1004487,13.920869
1001217,13.818884
1005718,12.46078
1001844,13.855405
1017190,13.993765
1014749,13.4456
1005889,12.349904
1014184,11.963754
1010620,13.29601
1017234,13.139239
1006064,12.887753
1010240,13.37181
1012521,13.607872
1016923,13.701746
1009777,12.418956
1005001,13.913813
1013964,12.925192
1004419,13.231852
1008541,13.802111
1015209,12.418836
1003592,13.308256
1011989,12.756941
1006384,13.892002
1014805,12.263322
1013224,12.359541
1006782,13.424295
1015278,12.251557
1004942,13.227914
1008407,13.311469
1002901,12.158313
1001378,13.148026
1006868,12.424749
1000203,13.156602
1005913,12.703363
1016988,12.072682
1011816,13.405746
1010784,13.147244
1011172,12.044543
1016760,12.205028
1007786,12.45414
1009625,13.463069
1006668,13.011304
1007367,11.814031
1011549,13.132158
1012067,13.920688
1010150,13.227644
1012030,12.932556
1008040,12.627925
1000649,12.902798
1014825,12.248223
1006108,13.189065
1004094,13.528903
1014490,12.892352
1014881,13.284536
1010709,13.178611
1005492,12.638115
1006477,13.869829
1005178,13.930241
1015309,12.821041
1004856,12.66758
1010064,12.472257
1003519,13.729762
1005700,12.691055
1007559,13.092377
1002432,12.228243
1010273,12.81815
1012938,12.93228
1016343,12.524955
1000486,12.893159
1010021,12.916277
1001736,13.052902
1006927,12.293691
1010480,12.975907
1007780,13.666976
1008390,12.654172
1017008,12.161665
1001490,12.288568
1001563,13.527936
1002224,13.64304
1014769,12.665086
1004732,12.796074
1005836,13.293037
1010348,12.516073
1016627,13.91269
1004338,13.2305
1002848,13.754497
1013517,13.34251
1008978,12.612628
1017289,13.441424
1017179,12.021728
1001567,13.18262
1000138,12.320805
1013882,13.272193
1005258,12.811922
1004736,13.273012
1011986,13.607162
1001713,13.100428
1003495,13.254048
1000600,13.988063
1002812,13.06862
1005059,13.329775
1004949,12.330795
1016211,12.824651
1002271,13.024179
1010060,13.729504
1001865,11.89464
1002501,13.15043
1002661,13.977072
1015233,13.763807
1005953,12.222824
1012146,11.899185
1000127,12.290599
1017442,12.914001
1010509,12.89102
1013764,13.279146
1014776,12.155175
1006256,12.714024
1012690,13.866867
1004036,13.796818
1011249,13.860015
1000142,12.483006
1004615,13.081056
1010776,13.504772
1009176,13.670121
1002226,12.395135
1013305,13.098332
1008739,12.256871
1014045,12.903323
1016494,12.362995
1014843,13.954911
1006659,13.249113
1007074,13.384273
1006679,13.612435
1012055,13.129245
1011671,12.781455
1002228,12.997371
1014300,13.181758
1010675,13.465691
1001530,13.471813
1001434,12.476723
1000238,13.557452
1016313,11.891437
1016508,12.231706
1010961,12.53498
1006196,12.903774
1002722,12.370285
1008317,12.460431
1008471,13.080259
1011409,13.072101
1005866,13.03633
1003534,13.391598
1004496,12.487555
1006183,12.522092
1007785,13.111925
1009252,12.167209
1017361,13.521224
1009338,13.243755
1007669,12.728909
1000398,12.406204
1004077,13.407575
1002194,12.934151
1003421,13.143454
1001555,12.908905
1012526,13.885129
1015772,13.151926
1009004,12.423215
1010288,12.959765
1010481,13.100673
1015897,13.251754
1011264,12.305653
1010666,12.330717
1014339,12.729715
1017431,12.852909
1003871,13.730434
1009047,13.593302
1013774,13.545812
1012916,13.196069
1006968,12.693183
1017305,11.878231
1002162,12.707798
1006335,12.232191
1013120,11.997884
1003797,12.878861
1002767,12.445004
1015663,13.108225
1017251,13.907915
1009277,13.868029
1008631,13.396081
1012133,13.427752
1017051,14.028646
1008854,13.152984
1007299,13.930967
1007944,13.243671
1011281,13.085934
1001250,12.450116
1008096,13.061321
1008508,12.91075
1015009,12.013454
1007457,11.813456
1004316,12.426857
1015713,13.157563
1011513,12.134561
1011115,12.791179
1000361,12.742446
1011111,12.175554
1008871,13.120476
1017271,13.78228
1001893,13.18967
1005628,12.106521
1017056,12.655924
1013502,11.706741
1000221,13.37174
1012851,12.71205
1001747,13.638258
1015493,12.019812
1010744,12.71892
1011121,13.708248
1013586,13.341363
1014675,12.911602
1007452,13.029049
1009529,12.41128
1013150,11.938744
1005074,12.388769
1011564,12.70459
1009713,13.071367
1008775,13.280837
1000046,13.299345
1014234,12.291349
1005191,12.779307
1015580,13.001154
1015213,12.740166
1009502,13.964514
1009749,13.971509
1008349,12.321216
1009943,13.269555
1006106,13.078686
1016031,12.963392
1016588,11.908968
1003863,13.465921
1002789,14.021012
1012476,12.728847
1014960,13.339727
1013565,13.745413
1014232,13.902583
1006710,13.053696
1001562,13.778208
1010751,13.210045
1001278,13.401482
1012306,13.552727
1006853,13.234597
1000113,13.413448
1002688,13.416755
1014082,12.268484
1004436,12.521677
1000854,13.940146
1008839,13.61801
1008993,12.036251
1000274,13.577156
1005684,12.991382
1009716,12.152012
1003776,13.212949
1005089,12.487143
1015404,12.610082
1011893,13.690233
1001618,13.482245
1005151,13.790456
1005942,12.851572
1005565,12.527243
1014587,13.075613
1001031,13.44967
1017239,11.983883
1016839,13.576749
1009546,13.421132
1004152,13.121088
1016421,12.872282
1000641,13.114906
1005573,12.719686
1016888,13.870486
1006732,13.066176
1005756,12.662782
1004978,12.462065
1001650,12.281673
1010845,12.656246
1005920,12.620742
1001513,13.22545
1001630,12.645504
1003329,12.422674
1001456,12.757438
1001161,13.60167
1003023,12.151709
1015563,11.876393
1006001,12.531566
1011429,11.862904
1004692,13.126278
1009982,13.394973
1012391,12.711677
1014059,13.320713
1014418,12.603806
1006808,13.629135
1006437,13.574302
1006428,14.022274
1010843,12.785523
1011790,13.966238
1015742,12.277194
1002212,13.738494
1005197,13.71005
1001647,13.9276
1014695,13.876037
1011173,13.482849
1016927,13.980909
1013006,12.858676
1008005,13.017091
1015095,12.304619
1012988,13.218657
1003179,13.380142
1016233,12.798434
1012979,11.759828
1009783,13.903939
1006676,12.675399
1005148,13.099534
1005527,13.159006
1006790,13.453406
1012078,12.325801
1009415,12.87341
1008931,13.177472
1014588,13.8684
1008250,12.684156
1012947,12.777092
1010154,12.684392
1014653,13.008863
1012561,13.886271
1009340,13.299685
1016362,12.615942
1016029,12.145091
1011823,11.974954
1006933,12.468814
1003423,12.404457
1006983,13.890514
1007935,12.66092
1001406,12.831133
1010646,12.605376
1015893,12.8619
1012546,12.349876
1005044,12.95692
1010604,13.706433
1001401,12.238188
1002981,13.747641
1005216,13.363585
1007115,13.328679
1016864,13.016106
1007818,12.637777
1004132,13.179456
1013780,12.468789
1008742,13.215052
1007461,12.8422
1003113,13.787532
1015816,13.545882
1006302,11.883203
1010863,13.233187
1003037,12.719159
1006598,13.350518
1011836,13.472145
1006075,13.840413
1013067,12.917058
1016285,13.394731
1017013,13.670184
1015975,12.720451
1014736,13.890926
1003196,13.052223
1015081,13.00948
1016693,12.963634
1009572,13.972707
1016011,13.8432
1006237,12.864869
1016623,13.28818
1000883,13.453043
1017560,13.729583
1007766,12.498194
1015336,12.277131
1006215,13.259777
1016006,13.37843
1010212,12.253923
1006473,14.057459
1002690,13.085435
1016605,13.314577
1004568,12.873826
1013736,11.98339
1012056,13.128369
1009608,13.576587
1014173,12.961777
1014387,13.691342
1004547,12.977206
1011204,12.534469
1014069,13.713154
1013942,13.558313
1017277,12.61818
1010852,13.111485
1003745,12.213239
1005867,13.541457
1011756,13.778994
1015924,13.01234
1011837,12.496841
1002836,13.901306
1005442,12.915414
1013409,12.293635
1011634,12.998578
1010390,13.752829
1017314,12.969538
1006884,11.914541
1015204,12.450423
1017163,12.746954
1002222,13.09178
1009311,13.265481
1014707,13.027719
1002990,12.687827
1001442,12.328369
1006070,12.923964
1000129,13.004178
1007993,13.35496
1016581,12.185795
1014916,13.373128
1003671,13.809894
1007085,13.633064
1016104,13.202243
1005899,11.86817
1009297,12.988756
1000875,12.505769
1002124,12.766301
1002754,12.653848
1005819,13.06585
1010737,12.300542
1002653,12.343857
1011713,13.575612
1007157,12.419966
1005660,12.951047
1003990,13.40829
1011747,13.618667
1012407,13.874138
1007924,12.470232
1007541,12.838129
1000372,12.640261
1016072,11.885947
1001204,12.779078
1009720,12.672452
1010693,12.449371
1011474,13.179331
1017483,12.594309
1004331,12.917716
1013654,12.889722
1015970,13.03578
1005347,13.889512
1002786,13.248436
1001058,12.491586
1016170,12.747172
1007976,13.338633
1002263,12.286855
1004788,12.454302
1008091,13.14732
1006321,13.516936
1014869,13.814868
1011364,13.078832
1002648,12.811665
1011098,13.219473
1012626,13.988135
1016666,13.420496
1016009,13.304594
1016890,13.688511
1016519,12.590498
1008371,11.981941
1003017,13.342668
1007662,12.303982
1007464,13.802306
1010986,13.134806
1004011,13.338672
1002561,11.972906
1010791,12.320293
1011786,13.897326
1014142,13.269848
1012439,12.528827
1005234,13.566483
1013971,13.762786
1004678,12.829982
1006056,13.547197
1009706,13.006542
1001028,12.767017
1004765,12.91869
1000968,12.423441
1017307,12.832009
1012820,13.399123
1005832,13.845598
1002048,12.839011
1008174,13.465068
1007495,13.728876
1012640,12.570532
1011262,12.831406
1016535,13.884495
1017568,13.152284
1015382,12.050118
1005603,12.906331
1010679,13.857569
1007084,12.974794
1014777,12.721162
1000822,13.657404
1006596,12.522632
1011778,12.721163
1004488,13.643561
1016143,13.74179
1004642,12.601236
1004873,12.742416
1011190,12.959327
1005200,12.486853
1016264,13.897779
1000407,12.552879
1004880,12.646796
1017254,12.143041
1015630,12.941239
1006483,13.817773
1012070,11.799453
1000079,13.920294
1000761,13.321636
1002798,14.00321
1010122,13.407253
1010268,12.790388
1005515,13.834893
1000176,11.89611
1001717,13.947207
1010968,12.513648
1012446,12.073866
1001209,13.647862
1007751,12.964894
1009578,13.391555
1010063,12.063649
1014445,13.673627
1006235,12.952103
1005400,13.655938
1010010,12.500804
1000232,13.63351
1011325,12.352234
1007038,13.273703
1001331,11.862111
1008863,11.922567
1009575,13.962063
1013464,13.848945
1012610,12.255018
1010226,13.128866
1007522,13.009885
1016081,13.106845
1014597,12.973705
1000669,13.527216
1012647,13.693482
1005508,12.876039
1001685,13.659722
1013152,12.423143
1011061,12.443823
1014348,12.641013
1016034,13.72251
1015616,13.314147
1004628,12.581334
1010118,13.46672
1016148,13.144046
1008076,13.870079
1006697,13.822586
1000637,13.789985
1011231,11.902918
1014462,13.009009
1003384,13.060516
1012810,12.118546
1002198,11.894088
1002448,13.176824
1013552,13.297265
1001594,13.120357
1001070,12.604187
1008258,13.576663
1015806,13.008158
1008239,13.056619
1000174,12.50324
1004969,13.648975
1005562,13.953554
1003433,12.36414
1009917,13.498137
1007333,12.979738
1013802,12.997573
1001935,11.947135
1011013,12.982668
1007979,13.301572
1013148,13.846609
1001590,13.85036
1005324,13.659266
1014915,13.766393
1013440,13.827576
1002497,13.656453
1000498,13.222565
1013940,12.984614
1005504,13.187647
1016212,12.267523
1013399,12.933628
1010318,12.606946
1009331,13.850835
1006875,12.698307
1011719,13.116476
1010609,13.598561
1016306,11.730558
1005217,13.569867
1006218,12.880743
1012219,13.853901
1006460,11.910268
1007089,12.912901
1016621,13.117402
1002435,12.894779
1008664,13.610958
1000110,13.435784
1013056,13.396136
1015255,13.8329
1000786,12.839259
1005894,13.558387
1008368,12.685286
1005925,13.755792
1017524,13.074959
1014120,11.784029
1006313,11.924394
1009141,13.729423
1008915,13.391907
1004122,13.518322
1016330,13.052108
1002058,13.125797
1001597,11.811374
1004924,13.935219
1007582,13.16464
1008002,13.19147
1017596,13.994089
1001656,12.03441
1009995,12.837268
1000602,13.939653
1016650,12.719523
1009081,13.500188
1007706,12.862398
1011347,12.275011
1007008,13.546499
1005968,11.857106
1004458,12.298117
1016766,13.535962
1015353,12.250839
1004733,13.255281
1004456,12.714041
1011831,12.860458
1013991,12.142341
1005591,12.036581
1001116,14.004854
1007447,13.92327
1009975,13.694381
1002115,13.226983
1004361,13.198367
1015655,13.421808
1000269,12.072277
1010229,13.235914
1014842,12.822455
1015147,13.453406
1006528,12.751452
1007386,13.107952
1015027,12.527925
1015385,13.638178
1014595,11.849279
1010656,12.522642
1015901,12.848412
1000011,13.992013
1007467,12.211801
1016561,13.70583
1017592,12.487613
1001669,13.234379
1000153,13.409733
1015525,12.857738
1010248,12.421988
1004264,13.709421
1012681,12.617515
1003243,12.25655
1015160,13.269044
1008261,12.643945
1016439,13.854272
1004995,12.368283
1005672,13.416846
1013775,13.930234
1011327,12.806318
1013349,13.419044
1015837,12.519432
1004190,13.329517
1003463,12.543523
1010682,13.51233
1010982,12.898025
1017041,13.869907
1000346,12.342624
1005213,12.982578
1000177,13.405386
1015579,13.704562
1005578,12.224543
1000353,13.551867
1013324,12.385325
1011918,13.860109
1015786,12.355491
1009901,12.517569
1010583,13.610541
1011399,12.753588
1013714,12.581836
1002450,13.924791
1013344,13.878574
1003781,12.185413
1017299,11.824253
1009385,12.54611
1014846,13.358018
1009863,12.163018
1007204,11.769759
1014127,13.815438
1000131,12.752312
1009419,12.666827
1007050,13.716709
1000549,12.971709
1004941,13.27277
1003984,13.024696
1010103,12.573348
1002282,13.272534
1003108,13.697326
1011263,13.946328
1005491,11.963056
1002374,12.986666
1000775,13.500182
1011824,13.835147
1012172,13.0281
1005532,12.501161
1016098,12.381403
1008574,13.73542
1005334,14.013619
1003361,13.280141
1007121,12.608806
1017048,12.942209
1013702,12.688966
1009859,13.158301
1000406,12.923005
1012151,12.771016
1014693,13.171987
1001366,14.010403
1011575,12.907468
1014773,13.599221
1003987,12.902789
1008131,12.044142
1000536,12.175187
1001086,12.971046
1005670,13.860678
1013675,13.257778
1006013,12.453356
1016490,13.047632
1011300,13.59572
1016707,13.909716
1008376,12.818717
1007086,13.824186
1001251,12.534939
1009950,13.225555
1016289,11.752033
1003358,11.761645
1008264,12.467582
1008190,13.89843
1012537,13.187943
1013693,12.835551
1004184,13.037254
1008383,13.892039
1002108,13.776681
1007321,12.985636
1007390,13.445814
1008451,12.773505
1002949,12.741794
1007100,12.752665
1008756,12.083037
1016453,13.658936
1004489,13.085405
1000292,13.124189
1009952,13.661622
1002201,12.790433
1014642,12.778222
1011175,13.752631
1003293,14.027128
1006775,12.861935
1002152,11.748038
1015149,12.294185
1009789,13.255057
1003736,13.959882
1001785,13.543111
1014311,13.362651
1017572,13.698254
1014698,14.004923
1002341,13.678351
1007490,12.159175
1006487,12.327373
1001154,13.694342
1009099,13.646768
1011025,13.471015
1006065,13.380957
1011102,13.459036
1009324,12.981211
1003504,13.031048
1007548,12.941582
1009685,11.866886
1013163,12.241295
1017591,11.856056
1009816,13.07859
1000229,11.82381
1003123,12.468049
1010850,11.979426
1003290,13.336685
1016217,12.943317
1006849,12.589231
1006008,12.390218
1009221,12.314602
1011557,12.413552
1003784,13.477928
1003220,13.850703
1012740,12.450046
1009774,13.94714
1010084,13.475943
1011980,13.988612
1007377,13.059922
1007961,13.640607
1003321,13.735913
1013893,13.140221
1000106,13.619465
1000099,11.688895
1007778,12.841494
1008887,13.315071
1003299,12.291124
1000324,13.380297
1000006,13.304629
1001930,13.550863
1000910,13.932648
1015775,12.731026
1015974,12.093333
1017091,12.504048
1009799,13.643137
1008088,13.264619
1002420,12.795788
1010543,12.779605
1000453,12.58102
1014740,12.834569
1017002,13.396923
1017291,12.888432
1008132,11.997961
1009128,12.873905
1006461,13.577578
1016183,13.051512
1013947,12.853318
1011958,13.235538
1014910,13.086459
1009920,13.089176
1015332,12.471227
1011065,13.52305
1009386,12.324107
1006203,12.717994
1009601,13.361692
1003527,11.783889
1012716,12.540564
1002985,12.849073
1010425,12.662944
1014635,12.689516
1002305,12.754111
1010052,13.83454
1005904,12.894321
1007620,12.177421
1011285,12.233859
1006394,13.68782
1010818,13.58151
1000913,13.340775
1003216,12.262585
1014885,13.235692
1017433,13.794871
1010948,13.722995
1010391,13.014785
1007469,13.94243
1008083,12.493132
1005548,12.065799
1011085,13.122355
1010887,13.063065
1008880,13.168372
1015537,12.755006
1008348,13.089513
1008437,12.338975
1005224,11.945187
1002437,13.138501
1016909,13.94701
1001113,13.777575
1012508,12.830971
1006999,12.74328
1011170,12.164736
1001139,12.554979
1000428,13.262737
1011994,12.882397
1008024,13.250661
1008778,12.710531
1002422,13.464249
1014531,12.522056
1011558,13.758731
1012382,13.225035
1009787,13.149721
1008632,13.795595
1013422,12.30046
1011242,13.4257
1008630,12.990276
1010926,13.166274
1012470,13.370069
1010086,12.335944
1011413,12.659465
1006743,12.985522
1009939,13.70545
1014370,13.302221
1002972,12.780281
1009088,12.606401
1001539,13.908552
1001303,12.327844
1011100,12.440646
1013584,13.102876
1004934,13.117188
1013275,13.15244
1007215,13.88221
1010773,13.414984
1007837,12.625808
1015937,12.546496
1014294,13.799687
1007208,13.897054
1014819,12.154639
1001774,13.590653
1013895,13.30054
1017370,11.949738
1008115,13.284194
1001752,13.364392
1012482,13.995324
1016468,13.305072
1013123,13.210964
1003952,12.739854
1003666,13.032617
1002877,13.842083
1017435,12.477468
1004237,13.286172
1011078,13.505271
1015683,13.447664
1002137,12.184082
1016059,13.178983
1017069,13.803804
1015900,13.226824
1013801,13.13324
1005320,13.492532
1016331,13.605273
1010865,13.073111
1015203,13.75504
1002840,13.268871
1004310,12.876194
1013128,12.873679
1000518,12.875005
1006756,13.98543
1003994,12.723681
1010862,11.745319
1014395,12.286819
1007030,13.31286
1001340,13.05872
1002127,13.094969
1011180,12.529219
1010708,13.719562
1012385,13.267971
1016721,12.483915
1012527,13.106167
1013856,12.926133
1010745,13.149406
1004087,13.018566
1010673,13.451465
1011114,12.929653
1011033,12.810251
1008332,12.100626
1011150,12.21345
1016920,13.152689
1003687,13.116871
1009727,12.326828
1009058,12.467727
1007762,12.854711
1005065,13.313693
1014868,13.01791
1011159,12.849202
1009343,13.113529
1005676,13.575517
1014049,13.661676
1000890,12.647436
1013665,12.679722
1000382,12.369283
1013466,11.909919
1007977,13.287643
1000160,13.261598
1002538,13.428908
1004951,12.921976
1000243,13.125836
1010396,13.400834
1000469,13.542387
1002262,12.855163
1010299,13.651824
1004919,13.849932
1001982,13.592472
1000189,12.501538
1016296,12.238136
1009819,13.578167
1010039,12.192107
1008388,12.422845
1012175,13.247108
1003866,13.372411
1014361,12.365886
1006685,12.749124
1004522,13.281402
1003465,12.934264
1004319,12.388451
1001764,12.619417
1013892,13.681097
1012777,13.399493
1004929,12.81773
1003609,12.882121
1006152,12.746769
1009230,13.681009
1016288,13.437218
1005433,13.661571
1006029,12.205681
1015853,13.327579
1000415,13.200896
1007010,12.787518
1011476,12.746264
1014639,12.732416
1001714,13.996393
1005788,12.806732
1007323,11.889757
1005690,13.753072
1002790,13.320982
1005734,13.11148
1009703,12.487346
1003287,13.929943
1003953,12.656239
1008748,12.853629
1006412,12.683955
1011754,13.070527
1004948,13.632579
1013824,12.729411
1011891,12.847921
1001803,13.432231
1015342,13.53264
1004196,12.579983
1002864,13.191447
1003794,13.167476
1007920,12.428319
1015371,12.671218
1016467,12.862445
1008141,12.776558
1009925,12.615414
1013601,13.92301
1015130,13.409077
1001474,12.73606
1008070,12.92427
1002011,12.497459
1005454,12.249679
1012542,13.411948
1014657,13.952767
1013420,12.742583
1013793,13.556335
1005381,13.286623
1013126,12.765142
1014784,12.93091
1014269,11.924001
1013465,12.265648
1006102,11.935717
1000472,12.670335
1007685,14.018123
1009207,12.961537
1016689,13.080105
1014007,12.627439
1010437,12.941222
1013785,12.565209
1011019,12.055786
1012553,12.512232
1009223,12.852474
1003593,13.48801
1001463,13.95221
1007137,12.822212
1010073,12.94357
1009416,12.844992
1015138,13.653538
1001158,13.23727
1008547,13.480309
1007820,13.258442
1008834,13.366384
1004669,12.308388
1000013,12.341893
1013283,11.987729
1016851,12.465779
1003356,13.028856
1016465,12.980349
1011964,13.317407
1010602,13.451944
1011230,12.401124
1007122,12.817017
1000418,11.901821
1009148,12.273036
1011581,13.707453
1006847,13.575196
1004981,13.299527
1015358,13.997876
1011330,13.358699
1012879,13.34554
1010321,12.496559
1017248,12.203433
1004078,13.358834
1013300,13.528989
1009931,13.196207
1009555,12.742242
1009365,12.881866
1003170,13.937639
1009196,12.255762
1017514,12.251413
1006904,12.742208
1016803,13.309367
1015876,13.359985
1010858,13.692956
1008255,13.673423
1014373,12.586372
1005987,13.957305
1001652,13.067832
1001813,13.644348
1009496,13.580198
1016863,12.764197
1016270,13.93397
1006627,12.861873
1001845,12.906666
1004997,12.834629
1015437,13.226412
1013212,12.373977
1005444,12.90611
1011369,12.052787
1002647,12.241323
1011363,12.978213
1005728,13.138814
1009067,12.402642
1009209,13.615552
1010132,11.713814
1005856,13.265688
1015543,12.549882
1014502,13.968658
1002651,12.412263
1000687,12.077809
1006674,12.473228
1001140,13.509402
1012839,13.250811
1010767,13.236784
1009903,12.900017
1010930,12.945965
1003064,12.970181
1014705,13.35341
1015637,13.954383
1016514,12.242673
1016768,13.865402
1015719,13.119764
1013699,12.952819
1014016,13.648503
1005141,13.80893
1011294,12.778156
1016116,12.325334
1003375,13.468488
1015516,13.027892
1013220,13.717577
1000377,13.238413
1002968,13.783441
1001696,12.054398
1015675,12.263124
1013787,13.774664
1007909,12.883272
1011810,12.025534
1013544,13.195856
1008155,12.428712
1005740,13.157571
1000494,12.781343
1016110,12.541853
1008577,13.86039
1013761,12.636812
1003927,13.391669
1003890,13.246494
1010413,13.31457
1015044,13.727456
1001938,13.575335
1012723,13.563779
1000740,13.363456
1012022,14.032425
1009629,12.427762
1004877,13.171117
1014889,13.096693
1017349,12.520881
1003792,13.026425
1008486,12.063716
1014231,13.044367
1006582,13.00689
1015510,12.907478
1001589,13.662393
1008008,13.705388
1001054,11.955464
1013896,13.476562
1011305,12.719569
1007919,12.981651
1017511,11.963062
1016052,12.457412
1012759,13.596967
1001912,12.802453
1004235,13.306908
1015208,13.580319
1011870,12.877285
1012665,12.689586
1001119,12.820564
1009873,13.60819
1002526,13.913363
1010459,12.749373
1008629,13.584553
1004382,13.756712
1012984,12.221127
1005726,11.960773
1000096,13.233867
1003774,12.875303
1008914,13.300311
1008461,12.498774
1004782,11.880064
1003791,13.875885
1013976,13.825904
1003978,13.001277
1017134,13.582149
1014692,13.614938
1008745,12.285063
1017561,13.194167
1001129,13.124361
1015536,13.28825
1015508,13.148821
1001355,12.174856
1004449,12.865207
1009261,13.131932
1017158,11.891473
1011328,12.680572
1000635,13.827615
1000542,13.216979
1014444,13.199348
1010029,13.171385
1013354,13.01854
1001407,13.113217
1002039,12.526765
1015870,13.743447
1007823,12.904781
1003816,12.743971
1001218,12.53973
1001387,12.837356
1010711,13.494076
1004105,13.00988
1017296,12.280271
1003705,13.689507
1001230,13.563936
1014289,13.460529
1015284,13.868234
1009616,13.764993
1007401,12.89433
1012246,13.699122
1016674,13.826473
1011321,13.232376
1009712,13.626445
1004464,12.896635
1004014,13.264512
1001537,11.736261
1000211,13.556956
1006646,13.524804
1009008,13.708997
1000861,13.192413
1007661,13.664569
1005121,12.824417
1001690,13.043473
1009806,12.657419
1000541,13.791584
1005272,12.50281
1002462,13.8252
1008237,12.881659
1005231,12.837872
1016094,13.547581
1008444,13.483899
1015120,13.288817
1007251,13.742208
1000059,13.562342
1007185,13.771652
1009836,13.059753
1014026,12.907173
1005296,13.163923
1000286,13.019853
1007178,13.446647
1005311,13.351115
1010023,13.984605
1000826,11.932899
1013639,11.889974
1015696,12.622931
1006549,12.867514
1013549,12.640168
1000578,13.03724
1015697,12.900669
1009669,13.292937
1006498,12.771368
1010047,12.320617
1007523,12.872391
1006153,12.710447
1014165,12.255197
1013171,13.393679
1003767,13.050767
1006962,12.884808
1015512,13.420302
1009312,13.535571
1002069,13.479029
1004993,12.668308
1015776,13.699852
1012233,13.724138
1010591,12.627208
1008886,12.697802
1009279,12.956661
1010245,11.744638
1001117,12.701568
1016203,13.791023
1011198,13.50541
1003552,12.744732
1011766,12.975603
1012267,12.935237
1008831,11.936339
1014641,12.859186
1001324,13.403303
1003620,12.38294
1017413,12.137144
1001576,12.756885
1016742,13.239298
1000299,13.41135
1013936,12.732457
1012063,12.532536
1017246,13.55525
1015110,12.996175
1016583,13.885337
1002200,13.707772
1015325,13.21647
1017574,13.645745
1014104,13.557519
1000014,13.074891
1005093,13.099707
1012432,14.004968
1007838,13.852018
1006181,12.491945
1009319,13.486604
1009953,12.511342
1011291,13.128744
1013695,12.494706
1003520,13.326701
1004207,13.118192
1000489,13.191317
1013696,13.437228
1006389,12.444181
1009697,12.06188
1002734,13.793228
1008300,13.842201
1014378,13.084152
1014948,13.932775
1003009,13.920628
1000344,13.152432
1011627,12.824455
1011444,13.417693
1007802,13.544276
1003466,12.00568
1017340,13.911827
1000831,13.48854
1005399,12.343857
1016722,12.765453
1006109,13.72769
1007601,12.566764
1015878,13.519779
1009395,13.342386
1001141,13.27253
1013326,13.574177
1001477,12.446545
1015407,12.239178
1009817,12.583011
1016734,12.32272
1003446,12.329039
1004786,12.980604
1000031,12.878171
1013143,13.420689
1007514,12.050511
1009998,12.383949
1007897,13.536522
1000897,13.700636
1005421,13.92328
1015421,13.169221
1009981,11.822468
1002116,13.311148
1005630,13.860593
1009354,12.161924
1011814,12.71491
1005547,13.446076
1003661,12.992934
1015098,12.586584
1009033,11.778708
1013618,13.797499
1012639,12.218306
1012838,12.631462
1001438,13.784982
1011763,11.827624
1006423,13.063576
1012877,13.174702
1012673,12.15415
1009222,13.218652
1004592,12.699304
1004366,13.448
1016968,13.132706
1002724,13.399197
1005375,12.628858
1015210,12.685629
1008575,13.182907
1008812,12.642555
1004952,12.863792
1000332,13.893062
1012852,12.579141
1000390,12.899999
1015945,13.05293
1009135,13.650373
1000095,13.950468
1001859,13.30427
1000853,13.380003
1004425,13.438288
1000386,12.786408
1006101,13.22229
1009841,13.102849
1001148,13.3296
1016567,13.278943
1000413,12.792691
1012322,12.845774
1000284,12.914505
1000820,12.739036
1017108,13.380139
1000973,12.485893
1011270,12.388298
1006425,13.089425
1008672,13.69576
1001676,13.429834
1014772,12.798357
1015502,12.464673
1015306,11.96123
1011567,13.961079
1006119,12.397616
1013467,12.636708
1008953,13.031591
1000180,13.794302
1016840,12.3707
1009627,12.480069
1015236,13.680997
1015554,12.361992
1001604,13.69854
1015805,11.852055
1000423,13.137984
1010005,13.618623
1005386,12.737223
1000914,12.88463
1008466,13.087365
1011461,13.482328
1001635,12.983095
1015799,12.30065
1006022,13.001272
1002628,13.821263
1011216,13.117668
1015810,12.912844
1007687,12.404485
1011406,13.304681
1012469,12.832046
1014421,13.964232
1000838,13.276442
1013845,12.658757
1014856,12.679366
1004108,12.703615
1006580,12.825893
1005155,13.03114
1012192,13.043276
1014216,13.93506
1011884,12.385783
1009136,12.748437
1014634,13.295102
1010434,12.226668
1001890,13.939576
1015001,12.799599
1013650,13.043016
1003743,12.831952
1003447,12.710387
1001022,12.218931
1013521,11.892339
1009535,13.510784
1007465,13.187193
1014360,12.248586
1007825,12.303378
1006431,12.947699
1017364,12.564011
1006134,12.054312
1013202,12.47804
1011069,13.537642
1004742,12.754694
1013790,13.115893
1016955,12.690002
1002814,12.524696
1015443,13.020839
1003782,11.98596
1010800,13.744554
1005996,12.847573
1012511,13.231944
1005043,13.853343
1004427,12.944851
1007940,12.942823
1005462,12.865124
1001443,12.406415
1000242,13.654273
1005304,11.930322
1009808,13.00744
1008972,12.897334
1005552,12.910949
1011924,12.374282
1017562,12.848543
1002837,12.974931
1005277,13.569095
1000300,13.981447
1015541,12.268831
1012829,12.252709
1012254,12.262507
1008457,13.444478
1009883,13.008351
1007406,12.795808
1009844,12.807523
1012068,13.170078
1000370,12.966571
1016458,13.5191
1012155,13.686533
1009169,12.974284
1008301,13.946024
1002984,12.745829
1008085,12.848984
1012779,12.859648
1016262,12.170339
1008295,12.934017
1003438,12.047468
1004091,13.168126
1005779,14.05118
1008865,13.680158
1009992,13.406201
1011565,12.333586
1013958,13.140892
1009062,12.583953
1015245,12.890782
1009201,12.961564
1012319,13.886747
1014678,12.553208
1007545,12.09109
1011220,12.874808
1005373,13.965519
1010332,12.814651
1004389,14.024136
1004529,12.900255
1013878,12.81699
1004333,13.971175
1009019,14.000155
1016308,12.787261
1011323,13.332503
1006701,13.857965
1009649,12.632143
1009964,13.804025
1013891,13.335534
1010981,12.429023
1016680,12.728578
1008338,12.850456
1013503,12.996133
1017421,13.390469
1002996,13.903548
1009493,13.51374
1013414,13.356799
1001185,12.789847
1010578,12.841781
1008675,13.583359
1015093,13.751362
1006045,13.344938
1017383,13.964661
1009499,13.438762
1012893,12.382496
1004734,13.371856
1016573,12.682254
1012499,12.620423
1002351,12.395872
1002602,13.835696
1016472,12.32112
1004259,13.09059
1009204,13.240634
1012405,12.839587
1001447,13.505481
1003143,13.596943
1004286,12.829849
1009258,13.206622
1001382,13.40403
1014625,13.493291
1015867,11.89019
1014694,13.821513
1006391,13.119072
1002995,11.664429
1002624,13.107079
1006417,13.184029
1001400,13.686161
1013192,12.694411
1010285,12.212235
1006942,13.949562
1006936,12.990938
1001203,12.487288
1003515,13.145988
1010980,13.306639
1002890,12.864572
1002792,13.122045
1011393,13.460165
1016683,12.318042
1007756,12.649119
1017237,13.770254
1015091,11.792483
1014954,12.098973
1012809,13.037471
1013533,12.730078
1000508,13.757985
1009818,13.865759
1016156,13.31008
1017373,12.742451
1011199,12.524909
1007262,12.648556
1011727,11.927728
1015270,13.856938
1014976,13.640454
1007616,12.634482
1000117,13.87653
1014393,13.450093
1001296,13.405776
1017531,11.919371
1016604,13.128071
1012398,13.234883
1005595,13.539401
1000520,12.476968
1005172,13.915384
1011720,12.588996
1010209,13.249804
1009403,13.906772
1012194,13.881027
1006917,13.048014
1010595,13.164669
1012693,12.138647
1012735,13.20995
1016297,13.326641
1010660,13.066282
1002046,12.497542
1001919,12.559204
1001746,11.731434
1001709,14.016751
1010890,13.651203
1004960,13.522621
1000814,13.702642
1003187,13.004879
1009002,13.748481
1002017,11.995017
1007942,11.869396
1009785,12.81444
1010446,12.062987
1008992,13.284745
1017146,12.863795
1004918,13.202287
1010855,12.764064
1003260,13.041077
1015194,11.992115
1000662,13.797165
1001314,11.976157
1011576,12.868925
1001663,12.5981
1013712,13.763262
1017143,13.672046
1002583,13.988349
1014110,12.346747
1016007,13.978706
1003719,11.988749
1012003,13.919076
1007758,13.394251
1014302,13.351078
1006586,13.361552
1017250,12.480415
1000197,13.425269
1004992,12.861344
1010929,12.8451
1008528,12.979421
1010104,13.836
1013449,12.198462
1016016,13.652554
1015292,13.371058
1005692,12.738367
1015704,12.425708
1014499,12.65052
1000603,13.89741
1005294,13.175489
1016255,13.3656
1017326,13.19185
1013592,13.969038
1003247,12.92626
1004794,12.990598
1001761,12.955551
1004330,13.004161
1007657,13.214306
1012899,12.777783
1017342,12.568005
1005912,13.455632
1015795,12.474702
1011026,13.552407
1009327,12.944791
1005711,12.92265
1007076,12.929135
1001213,13.577706
1016386,13.314456
1017182,12.955732
1017214,12.249336
1011840,12.356938
1016474,13.081267
1017588,13.098014
1001283,12.690971
1012089,12.768019
1000957,13.17879
1006173,12.107105
1011583,12.143029
1006221,13.055221
1008014,13.513686
1000757,13.311503
1001339,12.043181
1016872,12.734074
1010300,12.37389
1011904,11.996296
1000563,12.030721
1001544,12.13448
1008144,13.313228
1007027,13.47082
1000720,13.856007
1003205,13.808542
1009728,13.195924
1017301,12.785345
1016806,13.114109
1000065,12.838055
1011030,12.995845
1006920,13.77788
1006090,13.481765
1012020,11.714054
1015645,13.198913
1014602,13.683025
1000899,13.591682
1000730,13.530825
1001506,12.615293
1011343,13.415059
1002557,12.80238
1006630,13.791425
1009391,12.577456
1003039,13.983144
1015796,13.195098
1008859,12.636758
1004297,11.789439
1013473,12.972651
1003322,12.943119
1006379,13.098785
1006098,13.411838
1007351,13.728006
1013166,13.183081
1011081,13.333681
1011527,13.311898
1000068,12.949728
1012530,12.989758
1008419,12.684536
1001954,13.028274
1011515,14.022896
1016224,13.843398
1002230,13.533384
1006606,13.104874
1012224,13.0894
1002537,11.775151
1006734,13.270425
1013125,13.917994
1000938,13.718004
1012312,12.897281
1007005,13.872618
1002276,13.446555
1005510,14.030138
1001999,13.104869
1014441,12.343473
1015299,13.055652
1010601,13.428282
1003281,12.957526
1003801,14.020403
1006035,12.792964
1013705,13.412162
1009843,12.894987
1003014,13.955053
1012437,12.538281
1002332,12.817496
1001038,13.908538
1016829,12.79561
1006228,13.049252
1014247,12.327378
1003410,12.64556
1002122,12.450042
1008592,13.136987
1017211,12.536636
1005687,13.278636
1002035,13.040068
1005556,13.146978
1006392,12.500407
1010152,13.858831
1008963,13.785379
1011632,12.857399
1006130,13.984708
1004134,13.263845
1002155,12.107
1015820,12.366659
1016188,12.844793
1014802,13.574622
1011519,12.580386
1000685,13.122053
1006571,12.541474
1010793,13.507245
1004421,13.663054
1015701,13.796088
1004482,13.083949
1013230,13.368389
1000295,12.37894
1000884,13.379976
1012457,12.616459
1003015,12.252697
1008942,13.073747
1012729,12.763375
1008973,12.671902
1013490,13.331714
1012999,13.649412
1010393,12.509337
1009080,12.784099
1014080,13.276972
1002400,12.265789
1010970,12.334795
1009919,12.070245
1001465,12.932639
1001068,13.14914
1010726,12.895442
1001686,13.856346
1013083,13.463665
1003926,13.251307
1008741,13.108564
1000660,13.119998
1011219,12.088098
1001332,11.846417
1017198,12.587437
1004959,13.522541
1007773,11.919046
1011570,12.966603
1009272,11.943752
1003766,12.069531
1003083,11.957342
1003444,12.820305
1008117,13.293908
1015614,12.930578
1004182,13.043854
1007184,13.296749
1005745,13.881913
1010966,13.355045
1016356,12.432641
1010605,13.174151
1015401,13.149455
1002459,12.473931
1013407,12.673775
1012161,13.210402
1011607,12.085905
1003586,13.023792
1009874,12.58697
1006599,13.48974
1017333,13.485516
1006963,13.267435
1015122,13.624926
1002957,12.511257
1004657,12.796862
1009160,12.981163
1007847,13.022
1006902,12.90883
1015376,13.511626
1014708,12.907447
1000575,12.302672
1014310,11.912414
1013221,12.648127
1003092,12.646982
1002691,13.078714
1001375,13.94061
1016447,14.000903
1010403,12.938961
1005261,13.232956
1007868,13.141557
1002344,13.192315
1000945,13.031243
1014243,12.789501
1006407,13.188513
1002111,13.695553
1004581,12.877388
1000459,12.572457
1007222,13.96956
1006357,13.86195
1010566,13.681412
1002954,12.667133
1000007,12.109012
1006982,12.540709
1000250,13.918514
1012703,12.460589
1010702,12.822559
1013749,14.006732
1001291,13.526192
1016991,13.837352
1007267,13.044748
1009025,12.318328
1015076,14.027995
1010020,12.77558
1009855,13.766615
1000976,13.604129
1013987,13.897587
1009057,12.214802
1011971,13.218204
1009501,12.734607
1010664,13.593829
1008933,13.907083
1016710,13.036868
1011876,12.736226
1017419,12.728671
1009162,12.979883
1008399,13.127671
1000145,11.875586
1014838,12.566562
1015165,12.275493
1004183,13.679231
1005443,12.750392
1012363,13.28915
1014774,13.370184
1005822,13.739146
1002944,12.311313
1002682,13.727087
1003146,12.431788
1017428,13.36104
1001487,13.639568
1005717,13.24906
1012917,13.955013
1011506,13.735065
1007659,11.958709
1004261,12.654536
1001832,12.783173
1010463,13.663106
1000331,13.980064
1000692,12.639802
1001285,13.09877
1010417,13.516784
1000760,13.963337
1005554,14.000956
1009470,12.554958
1005656,11.911448
1005380,13.593105
1001885,13.548116
1016318,13.084924
1017416,13.144884
1010373,13.417094
1004977,12.041962
1002178,12.207828
1000933,12.023764
1011979,13.263217
1000466,13.342367
1006030,12.845762
1000244,12.075841
1014402,13.757569
1015832,13.617242
1010678,13.597459
1006205,13.57454
1001807,13.1998
1010805,13.036369
1007371,12.273585
1009456,12.170648
1012942,12.83004
1013769,13.899376
1000840,13.179849
1005817,13.17925
1014811,13.744145
1005971,13.996115
1006352,12.644763
1011641,13.456643
1012849,12.182133
1005447,13.787677
1002328,12.016416
1006137,13.067217
1006011,13.676833
1000279,13.57425
1010507,13.579923
1010360,11.795985
1007229,13.957234
1010962,12.979279
1014743,12.689319
1012560,13.934701
1017161,12.678456
1016492,11.808344
1004544,12.521836
1009586,12.890406
1005850,13.124411
1007800,13.424243
1012120,12.328144
1009423,12.863672
1003048,14.020765
1009758,13.712867
1006252,13.132269
1009440,13.466394
1006198,13.444846
1001310,13.099847
1005706,12.451937
1008425,13.218958
1016381,12.217125
1002229,12.881702
1017595,13.13409
1012996,13.257625
1004680,12.538805
1004762,13.925783
1000144,13.323407
1016232,12.485915
1016642,13.10913
1004801,12.481053
1014630,13.594862
1008665,11.735115
1009665,13.263233
1011705,13.142439
1003223,13.110684
1003543,12.175737
1000348,13.132041
1013827,13.061079
1008433,12.531516
1008560,13.325104
1016476,13.613912
1015977,12.978885
1010416,13.222612
1013799,13.736449
1012944,13.668419
1002572,13.756559
1013598,13.800454
1009351,12.852939
1005685,13.018837
1009842,13.300299
1016322,12.105656
1014282,12.647001
1010690,13.044787
1013444,13.897755
1010560,12.962707
1009281,13.098156
1005716,11.828025
1008380,13.363686
1007004,11.903767
1013840,12.908762
1002783,12.750354
1016235,13.8368
1015538,12.819803
1002630,12.475451
1016956,13.469292
1001169,13.126454
1004519,12.719463
1007453,12.275551
1003541,13.228565
1000715,11.887944
1015456,12.425923
1014760,13.769628
1002463,13.35036
1017545,13.658565
1012833,13.326434
1011127,13.214301
1016741,13.821587
1006699,13.141301
1004595,13.784651
1009607,13.44076
1017509,12.82958
1014815,12.758289
1016276,12.621003
1015506,13.055115
1012051,13.376594
1008200,13.544143
1010671,11.966199
1002081,13.431458
1007442,13.965982
1007283,13.895502
1011048,12.650875
1012997,12.845968
1013307,13.987185
1012162,13.058771
1001688,13.594972
1008030,13.258304
1015357,12.514971
1005975,12.545277
1009524,13.428389
1000366,13.112528
1017363,14.035776
1010900,12.937979
1015887,12.840614
1006956,12.579978
1002806,13.350205
1002363,13.451799
1014406,12.519527
1004761,13.515777
1014652,12.628476
1002662,13.241618
1009084,12.020101
1000170,13.038228
1003786,13.690533
1013016,13.887533
1010883,13.179409
1012024,13.733682
1017505,13.373733
1014706,13.744303
1010846,13.872644
1007173,13.008407
1001808,13.748819
1014204,12.458472
1009588,12.514812
1007434,13.724197
1002259,13.316881
1010639,13.006893
1010256,12.645147
1002131,13.981509
1014383,12.929192
1016487,12.64715
1006242,11.981398
1012375,11.885643
1013930,13.859829
1001313,13.477586
1015080,12.184697
1002244,12.826054
1013992,12.696784
1004620,12.131366
1013263,13.365335
1001605,11.759298
1016832,13.410454
1013177,13.753932
1006081,12.593737
1007654,12.451144
1016751,13.885952
1013295,12.676526
1014699,13.061208
1015910,13.990114
1003133,13.159042
1015199,13.767115
1003997,12.503798
1001502,13.948196
1012923,13.983825
1004591,13.42908
1010627,12.124688
1017230,12.271402
1002510,13.831239
1012403,12.84069
1007281,12.324392
1011314,13.067468
1009664,13.326669
1005415,13.204304
1014446,12.623844
1013727,13.232372
1006740,13.681982
1005625,12.427015
1017536,13.103114
1006281,13.028813
1009968,13.728427
1013883,12.189216
1015123,13.949609
1005474,13.279687
1009638,13.271528
1014403,13.511837
1002380,12.611421
1005758,13.139034
1007493,12.134012
1013889,13.367315
1009768,13.10719
1017401,12.910751
1000607,12.603003
1000629,12.797242
1002554,13.043791
1012238,13.269129
1006700,12.504036
1005441,13.353108
1012044,12.584294
1009687,11.888155
1004224,14.029936
1001489,13.108504
1001821,13.792848
1011981,12.062694
1017261,12.189214
1016754,12.66673
1016931,12.296358
1002049,12.703468
1005016,12.897835
1000896,12.026926
1007749,13.348108
1003169,13.052808
1016591,12.381029
1001262,12.942276
1015725,13.480701
1000753,12.654825
1006986,11.818144
1017337,13.813283
1014206,12.181636
1013386,12.547786
1015618,13.780267
1015716,12.233892
1005747,13.972823
1001517,12.848545
1005348,12.607498
1009111,13.806373
1011947,13.995739
1009159,13.647376
1012714,13.332536
1014411,12.29168
1006997,13.373144
1016164,12.833979
1014480,13.049829
1004789,12.973676
1015622,12.535963
1006620,12.966165
1013777,13.946867
1010608,12.822454
1004169,13.048859
1015896,13.575282
1004593,13.576273
1006524,14.048894
1014208,13.18479
1003856,12.765211
1005354,13.003607
1003398,12.930925
1008028,12.982568
1002670,13.834413
1014813,13.566864
1012823,13.465988
1007714,13.494426
1002991,13.495607
1013867,12.986821
1015375,13.221415
1007426,13.883942
1016249,13.959126
1004655,13.965145
1014340,11.887682
1009899,12.917814
1011374,13.849956
1005451,12.806354
1017257,13.032799
1017441,12.870614
1013651,12.806907
1015527,12.76188
1007955,12.878093
1001681,12.174426
1007844,13.521201
1009604,12.561453
1008499,11.92172
1012894,12.761711
1008462,12.878167
1001221,13.633539
1002675,13.840064
1014346,12.599347
1012691,11.938491
1008759,13.328143
1003234,12.338795
1016691,13.028326
1003408,13.907724
1005306,13.566081
1012512,12.699043
1005830,12.787544
1001931,11.835797
1005319,13.976611
1016841,13.39718
1000594,12.89935
1014790,12.261229
1005957,13.024179
1001619,13.099755
1006113,13.674318
1015412,13.7587
1000845,13.689565
1010544,13.126905
1005985,13.544245
1004414,12.691776
1014750,13.48151
1010559,13.737033
1011532,13.286397
1003922,12.776685
1010474,12.531843
1013656,13.975011
1015669,13.608934
1003542,13.984153
1011161,12.864767
1002700,12.896355
1002301,13.711086
1017446,12.731214
1003244,12.331578
1001670,12.543814
1001822,12.447211
1008789,12.240991
1002771,13.31521
1002744,13.184684
1011238,12.917033
1007219,12.408102
1000168,13.427254
1014944,13.398387
1011628,13.614678
1009024,12.534157
1013487,12.837709
1004335,12.098618
1016114,13.546049
1002207,13.615324
1015090,13.936854
1010460,13.14778
1014307,11.977224
1002377,13.019529
1015425,13.201165
1000613,13.566722
1016550,13.006076
1014145,12.191078
1005342,13.247805
1007328,12.973396
1013835,13.820692
1005088,13.960867
1007590,11.988504
1001603,12.953992
1010831,13.903331
1000554,12.65324
1016352,12.150675
1004695,12.934823
1003564,12.543364
1005019,13.943817
1009464,13.459991
1017332,13.547899
1013347,12.333818
1000107,13.270957
1002280,13.240789
1005297,13.171319
1015709,13.386932
1010359,13.950009
1015238,11.95963
1006516,12.882344
1001466,12.778616
1010230,13.331501
1005561,12.298099
1004341,13.924706
1006326,12.710716
1011695,12.724868
1011990,13.81801
1005410,12.272838
1007035,12.951397
1014568,13.550961
1013092,13.957337
1011490,12.768454
1007345,12.633756
1007435,13.073972
1013669,13.852582
1009178,13.197543
1015927,13.224027
1001898,13.477245
1015741,13.646894
1002330,13.427549
1011896,13.694709
1001508,12.370178
1013664,12.217356
1013445,13.063258
1006820,13.809365
1008735,13.89781
1014981,12.663075
1010257,12.833873
1017600,12.991308
1001096,13.257505
1016479,12.465827
1008970,13.702795
1012733,13.341524
1013484,11.897451
1000916,13.607862
1008771,13.216861
1008226,13.218668
1010555,13.876339
1014117,12.509111
1017284,13.591013
1005176,12.203426
1013523,13.032414
1003648,13.923672
1015846,13.628866
1003047,13.544187
1013254,13.467894
1008847,12.301092
1001914,13.515216
1001856,13.055568
1000736,12.770152
1011502,13.79209
1000443,13.5755
1013623,13.347411
1003449,13.298911
1010338,12.017707
1010251,13.029275
1003312,13.441873
1000729,14.003245
1010266,13.225086
1011309,13.045799
1010305,12.860183
1017331,12.673144
1017507,13.4617
1017521,13.846192
1004542,13.901437
1008406,12.925889
1000355,12.71027
1007175,12.973093
1005712,12.513537
1007842,12.528744
1004649,12.443577
1011499,13.753937
1013205,13.972555
1006825,12.497392
1001915,13.826715
1009753,13.177816
1015173,12.964067
1010402,12.979252
1016728,13.696067
1007703,13.492391
1008857,12.403616
1015913,12.491887
1016166,12.07219
1016834,13.769664
1005388,12.881846
1012209,13.284294
1012685,13.268096
1001416,13.492428
1001276,12.39559
1007382,12.991981
1014732,12.923799
1014164,13.890464
1001658,13.009694
1011670,12.956801
1010092,13.683066
1002893,13.687009
1012298,13.52756
1008139,12.820038
1006306,13.465352
1001225,13.955643
1007211,12.373513
1013332,13.154707
1016187,12.552738
1007873,13.538255
1002607,12.034015
1005543,12.771625
1011125,13.069408
1012019,13.658319
1013265,12.609804
1006594,14.006947
1006398,12.916801
1003744,13.607769
1000441,13.494021
1009788,11.986118
1002574,13.861228
1007056,11.778729
1015162,12.888271
1011209,13.835412
1006446,13.260616
1008784,13.055904
1008884,13.127609
1009182,13.989986
1005644,12.961976
1003738,12.747107
1010668,13.162353
1006054,12.730757
1006032,12.130134
1002663,13.078422
1000440,13.239954
1006432,12.705364
1016321,12.723085
1011064,13.266175
1011024,13.298925
1001083,13.554466
1017199,13.218054
1012418,13.388853
1006624,12.86517
1010336,13.892774
1010657,13.263027
1015626,12.808258
1001012,13.580489
1006219,12.48112
1011977,13.8102
1009022,12.827253
1012004,12.378241
1016501,13.006161
1006085,13.014418
1005111,13.632841
1005419,13.266894
1015888,13.866502
1010705,13.976534
1016119,13.55975
1008733,12.799853
1008094,12.262482
1001481,11.755642
1010795,12.552256
1012911,12.909062
1010344,12.556205
1009393,12.827465
1002479,13.771718
1009508,13.838552
1010250,13.925184
1000787,13.757251
1002446,13.344813
1003203,12.630427
1017202,13.279482
1012898,13.100761
1012545,12.724527
1007365,12.73782
1008517,12.83059
1004188,13.889854
1011462,14.001217
1014331,12.759984
1011657,13.166125
1005377,12.72377
