zpid,lgbm_pred
1009018,13.049926
1001436,13.418727
1010988,13.142526
1002184,12.503773
1015717,12.675288
1001346,13.303356
1006728,11.831571
1002644,12.532513
1009198,13.5821
1008339,13.131992
1017567,13.158137
1014281,13.393852
1016770,13.773231
1007599,12.957289
1015766,12.062403
1011268,13.357194
1015728,12.313138
1005910,13.26321
1012305,11.974863
1000209,12.743232
1011855,13.73268
1012252,13.672577
1010211,12.027086
1006401,13.183094
1009723,13.340599
1013941,13.524955
1016219,13.167681
1009350,13.769605
1005071,13.611407
1010399,12.956594
1013189,12.271235
1003138,13.942721
1015723,12.486818
1006247,12.93074
1007478,13.828558
1003685,13.647418
1004764,12.252282
1009233,13.069352
1010893,12.984935
1012091,14.128016
1017092,14.04255
1003069,12.014334
1012178,11.831055
1006136,12.297661
1003701,12.467315
1002491,11.953771
1012167,12.129026
1001683,13.824012
1006785,12.694894
1014002,11.932959
1004666,13.080532
1016954,13.318926
1012772,13.056495
1010688,13.331303
1012968,12.994024
1001415,13.645247
1011748,13.20416
1007073,13.02693
1004221,11.75359
1010651,13.824325
1005362,12.611532
1012256,12.800026
1000135,13.682176
1010219,12.912641
1000261,13.746175
1003779,13.184327
1007814,13.370107
1017541,12.603805
1008693,12.435676
1006051,13.117919
1012475,12.689094
1010967,13.289288
1010153,12.62329
1007854,13.818446
1001543,11.90811
1012709,12.801126
1011522,13.039006
1010467,12.844062
1016019,13.251301
1011087,13.358585
1011360,12.126076
1011923,13.1346
1013380,13.350023
1010592,13.284697
1011882,12.415451
1012814,12.579811
1017039,13.290445
1014089,13.076364
1004163,13.391772
1008400,12.703555
1015904,13.031627
1006975,13.385674
1001501,12.971336
1010533,12.56587
1007574,14.014445
1006887,12.82908
1007117,13.663442
1015872,13.882222
1000949,13.162855
1016984,12.156205
1008493,13.872542
1001066,13.588505
1014890,13.024732
1009150,12.808593
1015445,13.264181
1003773,13.126462
1000521,13.531818
1009827,12.837312
1007448,13.246383
1004064,13.684226
1013351,12.661389
1007934,13.888765
1005772,13.743703
1012467,13.39665
1009678,13.485563
1003903,13.352244
1007368,13.409129
1001019,13.117324
1015956,13.803727
1007676,13.499164
1003862,12.994436
1009421,13.132911
1008790,12.360837
1016222,12.17235
1011510,13.112847
1003760,11.981627
1010095,13.225511
1016848,13.277544
1007981,13.385766
1001863,12.957526
1017279,13.494967
1000210,13.417886
1009220,12.97337
1000670,13.834757
1011975,13.008672
1009650,12.414231
1012244,13.169823
1004490,13.606768
1008783,13.209726
1013050,12.24928
1014078,13.521979
1014560,13.081891
1011972,13.68058
1013813,11.846118
1016790,12.976787
1005284,12.095136
1013954,12.557169
1008243,13.175729
1005551,13.099955
1013022,12.451398
1009326,12.857626
1012559,12.473408
1016326,13.383863
1001392,12.868506
1008539,11.857591
1007707,13.019514
1011195,12.18517
1006858,11.569
1012325,13.46069
1014033,13.234593
1002285,13.382154
1008722,13.556561
1005675,12.557872
1000444,12.627642
1007793,12.977475
1013869,12.718632
1002067,13.533709
1000680,12.982413
1014261,11.95894
1002004,12.114057
1014357,12.563172
1006564,12.712697
1012486,13.020713
1008327,12.55223
1014927,13.159422
1016358,13.053353
1004321,13.425319
1009489,13.199517
1012778,12.956702
1007474,13.948299
1013121,12.980126
1016128,12.256646
1009970,12.975901
1012507,12.875868
1003514,13.100952
1008680,13.042913
1001048,13.650589
1009306,13.815489
1002808,12.695985
1013767,13.393197
1003098,13.230388
1015467,13.799111
1000732,13.308992
1012332,13.427022
1016463,12.163024
1008306,13.10682
1000082,12.443574
1016942,12.674174
1005131,12.33599
1012116,12.844441
1001352,12.728691
1010888,13.800369
1016602,13.15004
1004492,12.500893
1005418,13.334698
1013371,12.092636
1015183,12.943935
1005090,12.619259
1016445,13.296748
1011665,13.944059
1008838,13.173482
1008874,13.706714
1012856,13.180128
1001188,13.203454
1001187,13.261093
1008604,12.127107
1014429,12.956233
1002847,13.029535
1001025,13.041414
1015817,13.79779
1005642,13.035601
1006378,14.029354
1001069,13.499334
1014222,12.885009
1016125,13.484583
1002759,12.649173
1011156,13.394919
1011969,12.922227
1001545,13.0769
1017127,12.81855
1002355,12.426829
1014169,13.169325
1008570,13.122745
1004005,13.881674
1004894,13.331512
1012897,13.21859
1003477,12.787663
1016230,13.465001
1002997,12.508682
1009934,12.527901
1009074,13.448047
1017484,13.793592
1008101,13.257256
1002220,13.461621
1015864,13.386162
1014237,13.715192
1002982,13.394226
1009718,14.059399
1009757,12.814884
1006687,13.888365
1014726,12.011752
1002009,12.226572
1013798,12.860008
1017131,13.078338
1007602,13.013463
1016980,13.932569
1005173,11.650672
1016941,12.733419
1002924,13.437212
1009576,12.043972
1002851,13.045631
1008706,12.989214
1017475,14.038083
1004393,11.696413
1009382,13.850034
1003761,12.796583
1010699,13.100223
1013530,13.106538
1002399,13.163288
1015545,12.832003
1008940,13.38515
1002871,11.989955
1006334,11.777922
1010723,13.044496
1014722,12.388213
1004260,13.734115
1009453,13.339897
1002785,12.836739
1010931,12.850124
1002958,13.178425
1017144,13.28238
1006265,12.707507
1008271,13.537396
1006945,12.985684
1008172,12.906769
1008449,13.466766
1014495,13.017887
1011614,13.674449
1009895,13.201512
1010979,13.464345
1008507,12.904857
1015957,12.950623
1001535,12.529806
1003583,13.305188
1002687,13.5179
1010112,13.103695
1015560,13.289401
1014494,13.071189
1011340,13.492361
1000258,12.207144
1003971,13.56296
1001035,13.753412
1010408,13.021942
1010056,13.345099
1009680,12.779088
1014770,13.323734
1015729,12.004566
1016113,12.932777
1006018,11.86849
1000288,13.810951
1005715,12.131256
1001051,13.556388
1005120,13.804087
1016506,12.9398
1015788,13.072144
1012567,13.366141
1005501,13.000429
1015647,12.65858
1006683,13.146793
1010920,13.570369
1008340,12.995914
1006967,13.178626
1014171,12.864078
1012701,13.318925
1000794,11.717287
1011295,12.866335
1006299,12.382849
1008185,13.85281
1014147,13.555996
1005204,12.463148
1016261,12.834846
1006263,13.236
1015917,11.673242
1004785,13.727276
1006505,11.720161
1011258,12.613942
1000552,12.822256
1014923,11.561461
1007880,13.597452
1015400,12.704929
1009180,13.045204
1013396,13.146962
1001661,12.861935
1016813,13.119884
1012556,12.255522
1015223,12.524194
1005332,13.261118
1004594,13.700945
1007812,13.014909
1011192,14.050901
1001841,12.907369
1008180,13.286554
1013870,13.119058
1013079,13.217805
1014975,13.075546
1004098,12.615391
1008774,14.118026
1003191,13.125825
1009068,13.962549
1005009,13.671407
1014303,13.656034
1012081,13.722303
1012925,12.20232
1013875,13.156478
1014159,12.179881
1008231,12.872553
1000863,12.107949
1004737,13.544445
1000902,13.532096
1013830,12.533017
1004371,13.301269
1017294,13.600775
1006380,13.188956
1008036,13.059489
1004739,12.789287
1000942,12.637687
1002715,12.614484
1011741,13.141151
1011496,13.735824
1004442,12.869644
1007132,13.102386
1004358,12.941283
1002891,13.148351
1013353,13.201898
1016443,13.035037
1003231,13.197511
1004702,13.205655
1004229,12.033002
1004015,12.706612
1010572,12.671366
1001996,13.458691
1009722,12.547076
1006989,13.647403
1005792,12.596476
1002780,13.130467
1005719,12.529709
1004866,13.092073
1002711,12.843814
1016401,13.701217
1006179,13.626622
1008557,12.434454
1008723,12.93895
1006642,13.330897
1014450,13.77664
1008241,13.92807
1006578,13.413019
1007052,13.97728
1010958,12.719422
1017573,12.244274
1009439,13.311731
1016274,13.314992
1001137,12.915729
1000215,13.101695
1012285,13.4726
1014276,13.529874
1013694,13.657686
1009251,13.666577
1009481,13.16223
1007043,13.088867
1012141,12.752322
1009059,12.664163
1010871,12.313338
1010325,12.143771
1001892,12.784077
1008412,14.047625
1008786,12.587662
1008526,13.937274
1016026,12.321795
1002297,12.237273
1004564,12.174607
1014921,12.001926
1009380,13.158671
1004882,12.351516
1012888,12.855483
1000091,13.333607
1001235,13.819091
1010006,11.843803
1015990,12.818387
1006666,13.350168
1008012,13.620623
1008022,12.899255
1004670,13.34239
1015794,13.984553
1007937,13.192189
1010420,12.707088
1003255,13.227678
1005572,12.469464
1006587,12.225772
1004933,13.613431
1015849,12.958465
1004704,11.830353
1001633,13.276875
1005861,13.437803
1013674,12.013641
1005528,13.40505
1004555,13.758022
1004559,13.113319
1001159,12.433971
1000193,12.907905
1009611,12.990326
1016068,13.494541
1014111,13.438814
1014140,13.891914
1003803,13.174543
1000474,13.162141
1007635,12.884607
1000666,13.436328
1016664,13.029892
1008787,12.799903
1017418,12.57977
1007575,12.579245
1004543,13.345961
1014053,13.704245
1007087,13.528155
1014764,12.956793
1009695,12.943896
1011012,11.976237
1003139,13.504926
1013646,12.746566
1002770,12.640549
1009494,12.706997
1005359,12.045124
1006824,13.113312
1002202,13.069511
1001433,13.007117
1005438,13.920582
1016060,12.449676
1014376,13.828032
1016690,13.155912
1002392,13.631365
1010672,12.496101
1015019,12.819768
1000460,13.307315
1000792,12.754664
1000266,12.18379
1006859,13.125666
1000477,12.820486
1005860,12.840176
1012946,13.198309
1011005,11.724564
1002483,13.028734
1005505,14.095797
1012215,13.276095
1008248,12.576839
1011694,13.886378
1001453,12.629336
1015557,12.864875
1009299,13.136561
1007012,13.421451
1016587,13.627566
1011931,13.824792
1013903,12.562377
1009087,12.159215
1002034,13.181034
1007116,13.209574
1016130,14.110153
1009212,13.000286
1006644,13.86796
1011738,13.760743
1004363,12.73366
1002428,13.018495
1001088,13.585494
1003238,12.571705
1006042,12.773408
1003625,14.15418
1013363,13.128262
1002015,14.019884
1006408,12.565438
1001411,13.032672
1002762,12.102817
1003285,13.231701
1016938,13.350857
1006078,12.858217
1016115,12.728196
1000882,12.637047
1000929,13.625767
1002799,13.220666
1002815,12.945735
1011371,13.991071
1016625,13.685048
1011574,12.064664
1011936,12.739424
1013730,12.62066
1002143,13.592417
1011452,13.616693
1009384,13.500968
1011071,12.803377
1013508,13.595167
1003833,13.080247
1014611,13.157744
1002336,13.80753
1000631,13.681575
1001374,13.741643
1012570,13.028395
1003032,12.734026
1014027,11.824467
1015121,12.831462
1010746,12.753291
1004907,13.1606
1012477,13.659763
1009751,12.200707
1005212,14.044215
1004911,13.423809
1001059,12.488958
1004650,13.500957
1012287,13.334268
1003965,12.604935
1009684,13.220885
1006603,13.147014
1003574,13.355924
1012086,13.794886
1009892,12.801482
1001697,13.881808
1012929,13.08522
1006823,12.580837
1002419,12.998843
1009266,13.140266
1003575,13.396979
1013746,12.734326
1015919,13.588737
1011481,13.162896
1006726,12.474339
1010531,13.475884
1000604,13.76318
1000601,13.435573
1017020,12.154199
1003117,12.875534
1010985,13.636984
1013934,13.027602
1000140,12.700432
1010207,12.876017
1013666,13.013673
1013972,13.555955
1004121,11.903741
1002456,12.770338
1003292,12.399965
1004387,13.888406
1008853,13.198149
1004437,12.525207
1002272,13.635898
1016387,13.477104
1000596,12.525003
1010329,12.012672
1010762,13.446531
1003762,12.867389
1011825,13.223269
1015429,13.095909
1005408,13.054877
1014570,13.504726
1005024,11.517815
1006597,12.673764
1017510,13.118326
1015370,13.931833
1014556,13.231305
1010108,13.008803
1006184,12.965396
1002171,11.993569
1005064,12.527355
1017434,13.943376
1004351,12.982361
1000510,13.869723
1003834,12.611447
1016859,13.756924
1012323,13.602305
1003383,12.776205
1012009,12.030813
1000039,13.324924
1009764,12.927456
1006987,13.012533
1009598,11.992803
1017394,13.112723
1009333,13.859021
1009865,13.156653
1014258,13.711119
1017356,13.085764
1012182,13.225495
1005691,12.21739
1003976,13.889642
1006971,12.325429
1001128,13.408674
1012895,13.339242
1007070,12.741965
1016837,13.509485
1010190,12.806599
1004815,13.958454
1010916,13.917474
1011136,13.856297
1007306,13.944005
1009341,12.533304
1004204,13.31444
1006894,13.557815
1008985,14.067629
1013456,13.687016
1002179,13.00695
1012926,13.604107
1001245,12.474911
1012842,13.686419
1006940,14.112603
1005827,12.013349
1016849,13.688493
1003931,12.96578
1002543,13.528831
1016933,12.3524
1012346,13.249442
1001439,12.084331
1008593,13.907982
1010352,13.284753
1009007,12.646455
1010663,12.806572
1014236,13.037054
1012447,12.684797
1002393,12.613358
1013817,13.42067
1012169,12.931811
1013462,12.330185
1000318,11.72576
1008603,12.18839
1016279,12.743062
1000496,13.710902
1001421,11.811972
1008833,13.289655
1013397,13.097205
1008069,13.225423
1013274,12.936722
1012371,13.073448
1014573,13.210605
1006458,13.329368
1004065,13.273545
1000392,13.125802
1007965,12.606962
1003649,13.361859
1001330,13.564331
1013356,13.085165
1017140,13.514375
1008806,13.045759
1009965,13.104048
1012111,13.191977
1000191,12.262981
1017110,13.540564
1002113,13.262464
1000663,13.355957
1006094,13.066472
1013277,12.748058
1012935,13.021775
1006120,13.334455
1016601,13.600206
1008890,13.242308
1005972,13.362571
1008897,13.809238
1015337,13.030765
1002408,13.050269
1010815,12.038637
1006969,12.532581
1015480,12.982613
1002966,12.369631
1000451,13.034895
1013268,12.603276
1001214,12.649776
1004267,13.095036
1006851,12.855123
1014190,13.246355
1001390,13.687109
1008384,12.309393
1000633,13.285205
1000058,14.084267
1015540,13.019201
1001328,13.089021
1010098,13.508209
1013453,12.979748
1014050,13.148877
1004898,13.589574
1009643,13.769572
1000408,12.474542
1012606,12.532917
1001322,13.927127
1011370,13.691409
1014252,12.641009
1003688,13.077118
1002676,13.194531
1010786,14.183768
1003204,13.803003
1012586,12.800611
1016307,12.984359
1001013,13.500423
1007174,13.168687
1013661,12.772706
1009878,12.651096
1001273,13.414147
1000141,13.415817
1002717,13.882427
1013588,13.071099
1016843,13.106606
1007911,12.450866
1003453,11.76934
1004400,13.167019
1015056,13.068592
1003245,13.647285
1012157,12.680585
1015068,13.75339
1000202,12.965394
1013828,13.181033
1005079,11.91094
1005602,13.715439
1011057,12.92011
1016785,12.758926
1014405,13.843722
1003610,13.350808
1001744,13.841773
1015441,12.579681
1005750,12.739051
1005579,12.896586
1004075,12.981554
1012705,13.329924
1008980,12.103901
1008628,12.669195
1010183,13.458889
1006947,12.425695
1000475,12.879387
1006019,12.837436
1004355,12.275904
1011207,13.951686
1006293,12.626865
1000964,12.527931
1009648,13.07664
1005363,12.952476
1010842,13.734363
1016658,13.390534
1008418,12.171945
1003880,11.556591
1016024,12.623584
1011525,13.657835
1005833,13.482589
1003391,12.171693
1000815,12.969944
1007898,12.519017
1015070,12.885698
1002654,13.669456
1015925,13.513135
1006609,13.142107
1011752,12.738312
1015883,13.565921
1013113,13.385201
1006382,12.974854
1012811,13.817987
1006360,13.382609
1005440,13.48313
1005112,13.346487
1008627,12.255141
1009955,12.013994
1000682,12.870048
1008504,13.785081
1005890,13.919705
1009781,13.564886
1007261,12.658788
1014321,13.827931
1017245,12.845388
1005357,12.428044
1016373,12.610965
1008525,13.762401
1016979,13.872745
1017102,13.686915
1010922,12.855649
1014904,12.387344
1001274,13.187274
1013738,12.26245
1000038,13.214023
1008641,12.634544
1001133,12.574379
1011205,14.03949
1013969,12.966529
1008818,12.763351
1014654,12.468956
1015153,13.808673
1008417,12.951946
1006362,12.607036
1014549,13.156843
1017366,13.149896
1000132,13.056148
1006675,14.073132
1009656,12.058789
1002733,12.951605
1003695,13.445575
1002791,14.005775
1008900,13.019168
1004201,12.230774
1003050,14.162114
1007896,12.654973
1013900,12.995339
1006447,13.195257
1017063,12.592735
1001222,12.839777
1014305,12.557778
1009329,12.87074
1008278,12.639132
1011775,13.58157
1003589,13.943875
1003818,13.189538
1007458,13.529392
1006670,13.949685
1007257,12.329058
1007765,13.736078
1006289,12.684154
1011895,13.342785
1012145,12.771523
1012364,13.875719
1010114,12.990558
1015374,12.439528
1001102,12.762348
1012481,12.976211
1016017,14.170543
1008656,13.148256
1002594,12.073543
1007395,12.913647
1008116,13.595433
1013316,13.471301
1005157,12.829797
1005276,12.32927
1017602,13.630686
1013927,12.58104
1002391,13.792045
1016586,13.384829
1014627,11.923935
1013475,13.26364
1008908,13.464311
1013153,13.058165
1012485,12.443476
1011808,12.755423
1006617,13.04012
1001742,13.10057
1004209,13.37346
1002453,13.915028
1014157,13.543629
1001793,12.868817
1013238,12.18891
1010326,13.617726
1016597,13.157562
1009287,12.731803
1006390,13.773455
1002072,13.637361
1001524,12.906106
1000233,12.563508
1010899,13.23794
1013066,12.39056
1013684,12.31347
1017103,13.186054
1013993,13.67986
1017192,12.746216
1002813,11.789562
1000445,13.273812
1015764,13.189073
1007031,12.551316
1004101,13.173903
1015724,13.287447
1014745,13.472424
1012666,13.000527
1011529,13.248222
1015943,11.981414
1006729,12.590136
1007472,13.262957
1005062,12.18439
1005683,13.241286
1005013,14.136857
1001138,13.21426
1014851,12.92177
1014629,12.787068
1017221,13.468149
1006855,13.249317
1003676,13.771544
1006141,13.106931
1015954,13.184272
1012502,12.753926
1000249,12.425276
1011524,12.847439
1012574,12.963014
1014057,13.478477
1008023,13.106532
1002096,12.798001
1005002,12.9488
1014938,13.303105
1012130,12.845351
1010665,12.954987
1007405,12.040469
1000561,13.119216
1013783,11.872439
1009383,12.605439
1010164,12.963073
1014893,12.425073
1016133,13.15509
1007166,13.589432
1001884,12.279458
1015959,14.022905
1009375,12.803464
1002832,13.206911
1014833,12.613849
1008111,13.340431
1009888,12.14272
1002534,11.690728
1014799,13.276678
1006333,13.324956
1005392,12.839971
1009293,13.706772
1011335,13.077873
1009448,12.946873
1013329,13.254978
1014242,13.097819
1015288,12.857393
1016688,12.5417
1015159,12.523147
1002063,13.897796
1005978,13.043256
1002578,12.244074
1013144,12.916382
1006632,13.152992
1015589,13.835331
1003547,13.561455
1008052,13.316911
1007858,13.519085
1001972,12.500201
1005317,13.067452
1008346,12.80895
1005732,12.520691
1003302,13.795845
1015436,13.854403
1008986,12.737101
1009941,13.886351
1006798,13.525005
1011257,11.998575
1006160,12.281285
1013514,13.434743
1015096,12.730047
1003344,12.980085
1016309,12.340067
1014439,13.143742
1003968,11.607649
1016392,13.507797
1010554,13.681332
1000985,12.879709
1016657,13.489568
1008075,13.024934
1007342,13.815886
1012919,13.748035
1002311,13.037336
1007839,13.980685
1004339,13.170606
1008712,13.789195
1016881,13.254047
1010848,13.600305
1012731,12.866022
1006191,12.810008
1001565,13.204262
1005800,12.470128
1010969,12.813535
1002471,13.561115
1005087,13.594646
1001611,12.908846
1010585,12.891711
1000903,12.601497
1016871,12.731187
1009103,13.287257
1001014,13.157492
1009599,13.117694
1001327,13.968261
1013470,12.912495
1007518,13.663438
1000625,12.961724
1011169,13.437851
1006831,12.581432
1004131,12.723674
1005544,12.273634
1011843,12.645167
1010897,13.789624
1005329,13.488208
1012273,13.776293
1006251,12.39988
1015575,11.584501
1006640,12.996009
1011988,13.614665
1000506,12.737112
1004462,12.763555
1001109,12.556931
1012843,12.838153
1007894,12.279323
1012017,12.295416
1008347,12.885649
1016606,12.949307
1009071,13.515941
1004835,14.124642
1012757,13.668123
1007319,13.194203
1012101,13.561801
1001488,14.001245
1008626,13.841209
1000165,13.157178
1009966,13.124273
1003524,13.061176
1001693,12.143516
1016457,13.780394
1010347,11.975273
1006260,12.493732
1014907,12.195053
1009392,13.944995
1006993,13.2835
1010734,12.441249
1008285,12.459917
1005458,12.689149
1001483,12.506388
1011531,13.031403
1016384,12.113448
1004937,13.56088
1005221,12.798124
1006604,12.617279
1000969,13.229688
1012755,13.066301
1013175,12.155346
1003462,12.67369
1003599,13.39285
1015821,13.345321
1016158,13.334726
1002742,12.674552
1016123,13.450713
1004724,13.967783
1009519,13.589779
1016499,13.413077
1012231,12.732189
1005785,12.664077
1014845,12.001165
1000077,12.848233
1013341,13.821491
1001003,13.106588
1000810,13.031813
1016566,11.969009
1001695,13.607776
1007508,12.993039
1005037,12.132109
1006255,12.940469
1003452,13.669981
1012529,12.328373
1015646,13.092636
1011457,13.177109
1008832,13.172131
1003819,12.342592
1001454,12.900321
1009805,13.299064
1010283,13.498763
1007284,13.886564
1005725,12.561191
1002318,13.807203
1010991,13.6282
1008356,12.314776
1002314,13.618407
1002413,13.176904
1017537,12.401415
1015694,13.163293
1013850,12.160949
1003059,12.81624
1010999,12.7266
1004438,12.038949
1009675,13.052621
1012583,13.213705
1010319,13.21987
1017273,13.227318
1008296,13.374852
1008372,13.872823
1004830,13.769533
1012523,13.267483
1005048,13.217976
1007722,12.931641
1016906,13.260698
1013101,12.614369
1008729,12.698098
1013193,13.09904
1013809,12.324303
1001373,11.883584
1006693,13.767696
1012565,13.643369
1016145,13.527761
1000146,13.373934
1007982,12.760829
1008738,12.942714
1010574,13.211801
1014143,14.044493
1006555,12.967681
1011725,13.438715
1009406,12.497427
1009367,12.889122
1005459,13.825458
1017288,12.9264
1002873,13.905112
1005466,13.193682
1006496,11.910763
1015144,12.274922
1008614,12.875941
1010816,13.623056
1003750,13.072449
1006347,13.091922
1004507,13.032569
1011000,13.479779
1009709,12.4211
1014320,12.888278
1005364,13.37366
1012657,11.869905
1011355,12.901266
1004961,12.892853
1010771,12.391026
1001778,12.35652
1015295,13.665075
1013304,12.616896
1005413,12.447161
1016679,11.598009
1003551,13.248355
1009482,13.556118
1000270,13.324653
1008055,13.142275
1009999,13.358671
1010310,12.686084
1014712,13.72736
1012782,12.752336
1010054,12.738552
1004089,12.186244
1015940,12.762812
1000021,11.901295
1007978,13.802378
1005961,12.068886
1008804,13.441596
1014909,13.220442
1008195,13.298327
1013614,12.974601
1007917,12.914482
1012881,13.222021
1010269,13.33491
1016241,12.506409
1011400,12.328801
1014322,12.821588
1001178,13.128925
1010775,12.007817
1006475,12.45945
1006314,13.569571
1012904,13.000016
1017252,12.06702
1012603,13.16009
1005944,13.68949
1013073,13.150979
1015898,12.90222
1012250,12.747884
1015338,12.844337
1003510,12.382668
1008355,13.364474
1012032,12.726857
1014456,12.96739
1003572,12.347475
1008202,12.445925
1000373,12.95814
1016408,12.589372
1011267,14.066212
1014225,13.607827
1007155,13.012991
1001556,12.935913
1005036,12.430039
1008038,12.456492
1010346,13.557762
1004722,12.537726
1006386,13.888315
1008010,12.832273
1015844,12.385678
1007702,13.368885
1017396,12.678628
1016910,13.589683
1013885,13.050332
1016266,13.065189
1004518,12.267123
1011491,13.1693
1003944,13.395894
1013017,12.843438
1001857,13.665783
1016892,11.805443
1003070,12.783697
1001520,13.11138
1001321,14.084137
1007072,12.901944
1000264,12.875676
1015671,13.157936
1015770,12.792879
1014139,13.265397
1001306,11.971273
1010685,13.246143
1008861,13.926756
1003850,13.391528
1009824,13.952636
1007688,13.988633
1015863,13.794613
1006770,13.749731
1013352,13.153861
1000618,12.965912
1014959,13.771181
1002535,13.661352
1012948,11.815267
1000124,13.338228
1005693,13.24706
1008966,12.658169
1008037,12.70903
1001732,13.861152
1011459,13.032333
1015624,12.270938
1013219,12.347779
1008408,12.96239
1015114,12.787488
1004211,12.542661
1006441,12.47894
1004700,12.736538
1016526,12.335812
1010935,12.369607
1006523,11.626888
1008822,12.760914
1003349,12.762566
1012952,13.050333
1016237,13.838118
1013447,13.27503
1013289,12.960024
1013496,12.338576
1011985,11.91119
1008805,12.737273
1014673,13.147405
1010563,13.109061
1013282,13.484792
1004928,13.551676
1015524,13.653611
1012569,12.413212
1017454,13.066327
1007017,13.17675
1010028,12.953956
1000690,13.288057
1015489,13.914296
1006409,13.10687
1001360,13.263669
1013874,12.398291
1008106,12.892095
1016867,12.866757
1016461,12.297417
1011605,13.216802
1009226,12.638837
1005815,12.595693
1013119,13.620986
1011492,13.289635
1010252,13.66855
1000400,13.488093
1012451,13.42696
1014324,13.496089
1007369,13.014556
1001848,12.938034
1003587,13.711262
1016876,12.652923
1010353,12.522662
1012097,13.104087
1012208,12.571159
1011135,12.476616
1002327,13.852402
1016280,12.562026
1007298,12.977982
1015546,13.892807
1009219,13.135513
1005954,13.637491
1000419,13.185822
1010432,13.56702
1017133,12.901831
1012299,13.002219
1000567,12.769114
1003955,12.778391
1004426,13.999911
1015612,13.584345
1017114,12.282443
1005761,12.658421
1013760,13.732932
1010720,13.693803
1016208,13.802145
1001710,13.933547
1005126,12.726985
1002619,12.975854
1000779,12.546284
1015564,12.499846
1002613,11.627136
1013563,13.172537
1010286,12.974399
1010180,13.6591
1006992,13.2984
1013564,13.575215
1014228,12.756703
1014219,13.696491
1006585,13.978292
1014492,13.432639
1008522,12.169888
1008752,12.046767
1005916,12.588848
1006629,13.635531
1015685,12.752146
1003206,11.720688
1013597,13.934868
1001992,13.455532
1010043,13.275191
1013343,12.746852
1000087,13.068399
1008358,13.123367
1012383,11.600801
1000533,12.820959
1001546,13.00596
1006462,12.99633
1016132,12.927785
1004850,13.768781
1007598,12.924409
1016593,13.06938
1009271,13.435103
1006913,12.819095
1017369,11.924974
1000695,12.639552
1010383,12.50304
1013337,13.618377
1009671,13.438372
1004415,11.685346
1005278,12.068731
1010695,12.887364
1000017,13.050217
1003664,13.387233
1009571,13.1731
1005581,13.825432
1001009,13.547134
1016708,13.668558
1013833,13.225278
1017502,12.128192
1001479,12.8832
1000712,13.276813
1015143,13.073962
1004372,13.081473
1006958,13.807727
1001536,12.919305
1015842,13.029432
1002805,12.162515
1017449,12.767192
1005530,12.697586
1006880,13.692136
1005039,13.356936
1004074,11.534326
1003956,13.458627
1011707,12.83728
1011593,13.607936
1011601,13.235513
1005632,12.959477
1003199,13.489446
1005305,12.849108
1012698,12.356626
1005808,12.705878
1011771,13.143958
1005407,13.347462
1004738,12.363412
1004826,13.775675
1002186,12.934242
1005365,13.087777
1000951,12.707244
1009700,12.902252
1004776,13.131164
1013844,12.847163
1000588,12.629134
1000819,13.132992
1002590,13.158929
1003918,11.707117
1011060,12.487946
1015226,12.611786
1000151,12.845371
1008982,12.368121
1012015,13.373365
1010837,13.57535
1017422,12.920111
1004878,11.799721
1001722,14.190371
1003536,13.160842
1005681,12.875484
1015082,12.867163
1009149,13.750677
1015582,13.7069
1003116,13.473896
1016438,12.446641
1000746,12.818181
1005923,12.856216
1002979,13.364432
1006174,12.861345
1014454,12.586761
1011089,12.256945
1013400,12.75366
1014115,12.757472
1014052,12.999454
1007041,12.812347
1016039,12.532791
1007099,12.055223
1002221,12.591603
1000836,13.017818
1017005,12.151573
1015594,12.656026
1004171,13.059135
1015319,13.202358
1007617,13.798036
1017106,13.323254
1004498,12.789504
1011307,13.952475
1016944,13.981718
1011739,12.691647
1002093,13.06224
1000546,13.183393
1012936,13.286505
1008709,13.395826
1011595,13.238827
1010567,13.421562
1006841,12.826482
1002781,12.951814
1008204,12.975854
1014087,13.217593
1007971,12.488855
1007556,13.170964
1014980,13.135604
1004198,13.695796
1002921,12.80305
1003498,14.215676
1015105,13.76459
1002062,12.663515
1013812,12.953941
1016569,13.417673
1006241,13.354532
1013910,13.41785
1014517,12.632865
1003107,12.416572
1017325,13.084171
1014455,12.50895
1009038,12.719487
1008373,13.589918
1006669,13.477353
1010933,12.100927
1001208,12.147882
1004491,13.370048
1011578,12.742848
1005598,13.828005
1005596,13.463219
1014691,13.027478
1004018,11.938321
1013468,12.475608
1009012,12.932617
1008192,13.255383
1013982,13.237108
1005892,13.820002
1009940,13.96025
1004563,12.780686
1006840,13.487138
1006223,12.925737
1012492,14.023754
1011534,12.661495
1009202,13.18845
1001967,13.023351
1007118,12.258484
1003537,12.829642
1001887,12.935376
1005816,12.871594
1003148,13.412754
1011609,13.029064
1013072,13.612474
1016400,13.515888
1015833,12.856856
1015678,12.307386
1017522,11.724195
1010898,12.924663
1015899,12.684382
1015590,13.382606
1004885,13.872372
1016434,13.121889
1015128,13.456346
1007081,13.145403
1014993,13.735271
1000289,12.276924
1002955,11.699472
1011598,13.068205
1017060,12.442288
1011643,14.043055
1008064,13.542632
1006540,13.494239
1013512,12.741714
1011586,13.844408
1007864,13.781074
1012227,13.367311
1007625,12.692484
1009355,12.847443
1011293,13.849213
1014433,12.722506
1000499,12.778423
1014010,13.166777
1016981,12.706675
1004009,13.704831
1000587,13.970771
1017125,14.114615
1016065,13.412265
1013114,13.941437
1007728,13.130085
1010351,13.766455
1008717,13.153335
1008995,12.314912
1001450,11.991065
1006939,12.448376
1002347,12.769489
1010228,13.266826
1004867,12.662112
1001675,13.070672
1008988,12.418433
1014554,13.333447
1016314,13.454146
1009820,14.121819
1015609,13.541694
1016896,12.504652
1003057,12.843505
1000639,13.684872
1003172,13.402706
1016560,12.510431
1008514,12.34143
1005876,13.197666
1003210,13.0386
1006878,13.651691
1002107,12.963884
1007313,13.471829
1012026,12.961855
1006202,13.382636
1005429,13.327708
1008727,13.597855
1011362,13.460422
1010670,12.653633
1006053,11.907455
1015789,12.467884
1006236,12.644983
1016600,13.218179
1016394,12.399226
1012770,12.526801
1005780,13.405483
1010196,11.617933
1015386,13.729909
1009030,12.068233
1006328,12.897093
1015142,14.160881
1015866,13.912599
1005635,13.181384
1007848,12.835618
1013480,13.831915
1010232,12.528865
1002800,12.031017
1007819,12.761633
1005114,13.045543
1000574,13.235799
1014877,13.969606
1004364,13.287273
1012057,13.033214
1010464,13.433874
1001504,13.138144
1002870,13.369977
1015587,12.548091
1008809,13.004353
1001200,13.780259
1017278,11.548596
1010405,13.136095
1006069,13.131782
1002267,12.835261
1001196,12.910365
1015202,13.163134
1004513,12.763358
1009228,12.561604
1003638,13.439562
1004480,13.17274
1014850,12.017374
1008240,13.52269
1015269,13.354051
1008302,12.417198
1002549,12.626151
1008549,12.829418
1009848,12.998285
1002353,13.721463
1010129,12.143286
1000216,12.307813
1017474,12.94287
1000705,13.498482
1003118,11.890154
1013542,11.973523
1016865,13.560887
1002540,12.923737
1008420,12.582302
1015668,13.398839
1015944,13.030644
1000960,13.874121
1002000,12.994839
1001784,13.691128
1016595,13.67685
1017407,13.359119
1010371,13.64647
1009061,12.673296
1000175,12.764865
1004173,12.648046
1014072,13.358266
1010278,12.670828
1006146,13.343754
1006721,12.671868
1010142,12.20899
1007259,13.564127
1004290,12.787711
1015640,14.052342
1016767,12.222705
1005823,13.329273
1009347,13.410255
1016150,12.632878
1017379,12.961293
1016759,12.374108
1006664,13.649897
1005184,12.690152
1014162,13.917877
1015302,13.0891
1012734,12.574374
1007159,12.723341
1001716,13.307394
1014839,13.02453
1014224,13.86741
1001768,12.201916
1003742,11.892602
1000227,12.718577
1005493,13.195678
1012985,12.080294
1008612,11.815689
1006187,12.873912
1007302,13.388578
1007899,12.598337
1016510,12.003603
1004691,12.883021
1009893,14.165045
1012138,12.682546
1001981,12.605766
1008782,13.673089
1007679,13.0232
1012348,13.137981
1003960,13.796172
1003888,11.961182
1013485,13.784861
1008816,12.984878
1011537,13.788913
1008876,13.73644
1004790,13.078218
1015347,13.400744
1007578,13.530157
1002659,11.841887
1009041,12.521663
1004150,12.674223
1003675,12.61214
1000136,13.273392
1014848,12.787491
1001918,13.918736
1002406,12.646524
1000012,12.174627
1006418,13.571426
1005790,13.714974
1012912,12.955449
1006545,13.363114
1009726,13.28808
1010918,12.547922
1002577,11.855051
1010304,13.051489
1012223,12.149725
1003623,12.84531
1013626,13.4853
1003647,13.775166
1006876,12.563533
1015989,13.284105
1000495,13.367514
1007645,13.257446
1009286,13.992164
1003809,12.792681
1002556,13.46636
1000605,12.332479
1016057,13.650305
1010834,13.621385
1011779,12.900578
1002359,12.284986
1006789,12.888673
1001062,13.068237
1004138,12.994053
1002585,13.936099
1015631,13.758411
1000478,13.096993
1013577,12.799723
1010493,12.749545
1010777,13.666422
1010466,14.039417
1012464,12.857407
1004111,12.879317
1000620,12.673108
1014754,12.677351
1013432,13.264402
1013689,13.2754
1015561,12.587008
1008409,13.8499
1012355,12.383619
1001485,12.278792
1001046,13.917043
1002156,13.741973
1011902,12.331561
1000161,12.451838
1007380,13.155724
1004469,13.37455
1016934,13.096196
1012450,13.247145
1008029,13.553052
1013550,13.328588
1014715,13.784463
1006988,13.118634
1007194,13.102361
1014317,12.907374
1017059,13.365394
1005534,13.595811
1004135,12.783114
1013989,12.661325
1000700,13.828539
1012959,11.889394
1002110,13.271475
1010885,12.971513
1008701,12.431405
1009183,12.742754
1004718,12.126542
1016038,12.988396
1008067,13.362238
1017400,13.685884
1008193,12.72754
1006481,12.875414
1010804,11.948986
1014636,13.226643
1007692,13.00079
1000943,13.183774
1013984,13.518223
1005232,13.914063
1002977,12.330607
1016138,13.40939
1009144,12.635946
1011197,13.605399
1002692,12.997932
1016562,13.301666
1015712,12.830835
1012766,13.796436
1013578,12.051877
1014096,12.695112
1003726,12.697381
1001316,13.052626
1013251,13.759877
1012368,12.843943
1017303,13.228686
1013384,13.323453
1008026,12.308528
1003810,13.322414
1000072,13.450282
1012572,13.758105
1013176,12.85889
1009644,12.167979
1012093,12.63273
1002146,13.311319
1015119,14.03693
1006828,13.458947
1017569,11.929103
1006932,12.869112
1005686,13.78405
1002846,13.564761
1012066,12.99899
1002917,13.336661
1015985,12.268528
1003369,12.205673
1017532,12.845786
1007481,13.338829
1009910,13.615567
1016048,13.686895
1000385,13.726731
1004662,13.5866
1003654,12.903742
1008044,13.095332
1013281,12.764452
1001939,13.038238
1010710,13.043937
1012602,13.260119
1012315,13.04061
1015692,13.128121
1010631,13.079705
1007799,12.919283
1011379,12.490101
1004093,13.349914
1016160,13.68079
1013012,12.535113
1017171,12.774066
1012139,12.84611
1017206,13.332002
1002625,13.861161
1004165,13.778895
1005810,12.540395
1014932,14.074833
1007235,12.784801
1013411,12.448233
1003954,13.809224
1016008,13.721311
1011770,11.564075
1004484,13.155576
1008313,13.0605
1005430,12.821441
1007683,13.177062
1014297,12.456529
1003265,13.37701
1017210,12.128142
1013385,12.324708
1004298,13.072266
1013560,12.661541
1011106,13.438087
1011391,13.270605
1000173,13.311266
1012270,13.10998
1013063,11.565664
1003858,13.083323
1008975,12.729382
1002558,13.19943
1010683,13.558669
1006285,12.706685
1000195,12.835396
1008829,12.592985
1017098,13.491059
1009039,12.890981
1000534,12.687939
1015468,13.376726
1005713,13.512157
1010275,13.029761
1000083,13.269303
1007624,11.671238
1015654,12.499872
1016243,12.417868
1012700,11.763527
1014489,13.707097
1013739,13.551179
1008946,13.428037
1010518,12.393803
1016914,11.96101
1002551,13.418847
1010441,11.874544
1012736,13.714172
1001993,13.426197
1005840,13.070129
1016565,13.305588
1005124,13.420885
1015672,13.623162
1009313,13.176588
1011226,12.845837
1014193,13.321832
1012156,12.550821
1004493,13.137684
1001533,12.433551
1016504,13.945602
1002396,13.619697
1010613,12.689724
1003627,13.690737
1006204,13.764841
1011151,13.378446
1013325,13.454968
1011414,11.604398
1002595,12.609979
1003046,12.512779
1007621,12.318664
1015710,13.936582
1017023,12.5868
1007597,12.990339
1013439,12.28741
1006452,12.96976
1007914,13.798614
1003416,13.742418
1016854,13.954508
1015287,12.670464
1000931,13.134555
1017425,12.167148
1010297,12.844807
1010508,12.897683
1006698,13.070445
1004323,12.059438
1007867,12.463944
1011460,12.605378
1010137,13.046907
1016894,11.479919
1016339,12.713232
1015983,12.576165
1017368,12.563551
1000431,12.751421
1016371,12.777372
1012286,13.16942
1004780,13.764669
1009938,13.427293
1007882,13.770085
1004216,13.113889
1012747,12.945963
1003261,11.583074
1012692,13.169438
1008647,13.243854
1015327,13.260371
1006708,13.857222
1000559,12.420787
1014681,12.580204
1000364,12.884504
1014912,13.11238
1015427,12.569126
1004939,13.905718
1011852,13.289638
1001521,12.341458
1013877,13.363014
1004406,12.04595
1013574,12.792897
1016470,12.73237
1017381,13.533676
1013899,13.560679
1001155,12.58851
1004963,12.773759
1004096,12.90811
1016134,13.104889
1004423,13.177225
1017274,12.521625
1008352,13.199908
1013890,13.54683
1016214,13.222843
1012813,13.679826
1013085,13.143643
1003567,13.289714
1008260,13.149133
1002418,13.213153
1001190,12.8138
1008795,13.174759
1016936,12.538373
1013796,13.471695
1010915,12.954374
1014100,13.537957
1000569,13.372988
1011018,13.642326
1013686,12.645797
1010151,13.082343
1006148,13.063421
1014255,12.389678
1015026,14.01817
1002666,12.471774
1004405,12.954403
1000111,13.935665
1004497,12.856787
1004369,13.645808
1005238,12.606725
1012815,13.437834
1008569,14.148743
1000781,13.072148
1004792,13.865435
1004296,12.748575
1015227,13.10277
1004327,13.792451
1001476,13.265328
1006331,14.00295
1001480,13.008028
1014793,12.558188
1006771,12.953291
1015629,12.029072
1011782,12.004461
1005248,13.913399
1009085,12.170231
1007983,13.20375
1011580,12.888267
1009097,12.910844
1012016,13.262888
1007761,13.220807
1009264,13.605836
1007101,13.375708
1000425,13.642509
1016290,11.85511
1004624,12.944934
1010950,13.404943
1011138,12.954114
1014655,13.730642
1004634,13.021011
1015656,13.18164
1013735,11.711289
1003945,13.709728
1002417,13.386645
1016723,12.663504
1008621,12.645384
1012436,13.11571
1003467,14.043962
1003715,12.583846
1003168,12.457756
1001100,12.80027
1003291,13.426948
1002911,12.81634
1008222,12.794614
1000991,12.700126
1003870,12.881297
1010188,12.584555
1010216,11.627553
1002014,12.365836
1015011,11.84182
1008673,13.450817
1002144,12.900937
1017601,13.195168
1015930,13.120918
1015196,14.008001
1009552,13.260073
1012211,13.380514
1001305,13.25092
1006525,12.35338
1014766,12.955001
1000187,12.455066
1003297,12.77195
1011453,13.252093
1006893,12.580893
1009054,13.051667
1009381,12.146154
1009014,12.911418
1001347,13.073734
1010312,13.81397
1003253,12.898492
1012831,12.542239
1004569,13.897601
1013410,13.067206
1000171,12.25416
1001734,13.383261
1006946,12.785073
1009078,12.887864
1009309,12.769783
1005431,13.554969
1013302,13.105477
1009769,13.902621
1007651,12.500816
1004043,12.377405
1013041,11.765377
1016576,12.79027
1000661,12.005893
1012775,13.240028
1002512,12.917765
1002114,12.847438
1012924,13.191082
1009244,12.603777
1004579,13.162725
1002289,12.401178
1006513,12.61631
1014680,12.753691
1004869,13.050163
1015075,14.004425
1007402,13.126621
1014964,13.095071
1001559,12.590612
1003347,13.87336
1000770,12.19783
1009241,12.742224
1016483,12.182883
1003455,12.898582
1005344,13.229017
1009079,12.7611
1001702,13.639908
1010171,13.270716
1002192,13.200711
1001644,12.549506
1003815,12.53895
1013419,13.024951
1006768,12.707829
1013242,12.838611
1006072,12.443377
1015879,11.966194
1003371,12.360648
1002552,12.513974
1016538,12.839922
1008679,12.95502
1010502,11.698343
1016528,13.940464
1007739,12.862892
1002237,12.58725
1002703,12.758479
1003841,13.435861
1008183,13.335468
1013369,13.49204
1002948,12.954724
1015636,13.19019
1014001,13.129308
1016966,13.474335
1008160,14.066022
1012235,12.75204
1016157,12.950966
1010689,12.300912
1003740,12.070182
1010308,13.700223
1007343,14.047444
1012795,13.861075
1003877,12.92264
1015272,12.852794
1013234,13.132682
1000843,12.65336
1000872,13.951934
1012360,12.732592
1010525,12.390136
1000990,13.192461
1017222,12.331857
1010015,12.803179
1009515,13.920101
1013028,12.650184
1013657,13.195651
1007387,13.45782
1010545,12.839263
1003844,12.88995
1011144,14.018838
1001743,12.679522
1006097,13.040927
1011911,12.334393
1008827,13.746827
1002051,13.282966
1001889,13.935005
1012337,13.222137
1006233,12.318377
1004991,12.119642
1003616,12.313814
1002914,12.065716
1002642,13.80346
1004320,12.618886
1012966,13.433405
1000505,13.58697
1001060,13.976959
1011045,12.607039
1011187,12.410723
1001180,12.556263
1003429,13.215699
1001329,13.626953
1004607,13.348458
1011651,13.123711
1006531,12.486301
1008545,12.968593
1012424,14.014361
1008307,13.021159
1014872,13.344092
1002920,12.634162
1015496,12.803668
1008929,12.973288
1007330,12.84102
1010177,12.484619
1016524,12.875058
1015755,13.061502
1014937,13.536529
1016337,11.955714
1014795,13.791266
1007690,12.850694
1008487,12.532922
1016967,13.13604
1003907,11.619271
1002632,13.070443
1014367,13.451386
1000672,11.628254
1003501,13.764117
1015920,12.074784
1001458,13.107163
1015422,12.469992
1017468,13.492679
1017466,14.015569
1000449,12.602477
1012593,13.216053
1014259,12.760144
1014782,13.461997
1005559,13.393493
1004571,13.186235
1006553,11.866191
1005657,13.769912
1014343,12.270117
1014989,12.099534
1004640,13.93932
1017605,11.959342
1006552,13.568783
1015902,12.96995
1001298,13.551221
1006925,11.591064
1002166,12.899907
1016341,12.987647
1005096,13.079452
1002140,12.72933
1016631,13.221404
1015257,13.441867
1002883,13.483987
1014298,12.662111
1000182,13.051217
1000219,13.689763
1009020,12.682908
1002090,12.368903
1001243,13.946785
1013184,12.984292
1007393,13.018547
1012854,13.440237
1016282,13.428501
1014067,13.279567
1000309,13.568827
1000825,13.532027
1017452,13.615611
1000442,13.020165
1007477,13.503886
1012973,12.894066
1011753,13.28015
1013246,13.137619
1014730,13.29604
1016317,12.404031
1005884,13.45375
1005000,13.727093
1002712,13.616862
1012293,13.774038
1009146,13.329219
1012241,12.063462
1006149,13.177022
1015485,11.941726
1006517,13.409764
1006623,12.630463
1004076,12.343034
1005798,13.507511
1001916,12.688948
1005777,13.352103
1014023,14.022396
1017057,13.38012
1007039,13.069201
1012975,13.000247
1007068,11.747269
1008998,13.589272
1012014,12.912825
1017077,13.094408
1013134,13.169259
1009979,12.840084
1015383,13.64461
1014899,13.578384
1010768,13.173176
1013222,11.833121
1011533,13.177598
1006773,13.99601
1000315,13.951861
1012794,12.218697
1002187,12.886768
1006560,14.139713
1002260,11.828877
1002174,11.731899
1014060,12.966476
1017195,14.169685
1016953,13.552722
1003867,12.977176
1016382,13.497109
1015583,12.788329
1008936,12.554124
1012277,12.770447
1010333,13.718757
1005309,13.63003
1012695,12.911632
1013236,13.755776
1013535,12.98961
1003377,13.074971
1014039,13.150905
1000103,13.179597
1009540,13.926383
1007632,12.262851
1006500,12.591289
1013985,13.509357
1016929,13.907052
1017535,13.830343
1006709,12.245648
1012339,12.697656
1010082,12.996707
1007220,12.988404
1001065,13.225196
1015035,13.065627
1012352,12.713087
1016027,13.368961
1008447,12.363118
1010458,13.280065
1002245,12.790898
1014990,12.968723
1009957,13.612126
1004730,12.339782
1006435,13.247023
1011682,13.147051
1003933,13.3745
1009988,14.069414
1011819,13.989582
1006320,13.680747
1008175,12.565236
1002587,13.126072
1001830,12.81474
1016189,13.002931
1000325,12.658005
1015408,13.260664
1009845,13.845483
1010003,13.512044
1017399,13.433944
1009707,12.995019
1013207,13.40993
1001475,12.676552
1016092,13.586263
1013323,13.370495
1013226,12.724143
1015256,13.373342
1016253,12.898594
1015311,13.388497
1000222,12.252513
1005142,12.770005
1014086,12.999607
1010535,13.785751
1014983,13.457537
1005993,12.872012
1012837,13.451982
1005927,13.690313
1007643,12.691645
1000881,13.475776
1008194,12.93706
1001751,12.546574
1015089,11.802096
1001862,14.031215
1015703,13.314416
1012404,13.582467
1010096,12.723515
1003392,13.750419
1014936,13.085179
1001776,13.107232
1008808,13.219117
1007290,13.074875
1002560,12.933202
1002147,12.976431
1011848,13.301231
1009929,12.919738
1014853,13.652182
1002934,13.012699
1003426,13.13151
1002746,12.018544
1012340,12.085172
1000371,11.958013
1008362,12.933026
1007646,13.228778
1012551,13.419508
1014583,13.236691
1006350,13.679449
1017176,13.030868
1006589,13.50111
1005576,12.041225
1015249,12.893057
1010947,14.115424
1002294,11.759369
1013188,13.677167
1001906,12.749452
1017393,13.843133
1014950,12.881739
1004072,12.895835
1005453,13.465397
1014613,13.167547
1015181,13.116944
1009400,13.39734
1008203,13.574035
1006935,13.09106
1001114,13.488715
1013685,13.072571
1006684,12.744548
1012732,13.836855
1011899,12.375965
1015721,13.430508
1000255,13.590622
1010989,13.612095
1014970,13.111247
1016750,13.251265
1009323,13.850342
1005973,13.473242
1011930,13.448268
1000852,13.181597
1016437,13.197406
1012806,13.171992
1002909,12.592707
1006368,12.870307
1008288,12.648821
1007720,13.254524
1010731,13.122484
1003513,13.270626
1004845,13.007027
1007984,12.95186
1014855,13.472341
1008326,11.671908
1000004,12.779994
1003544,12.893504
1015360,12.052881
1007127,12.360855
1004304,12.162012
1012324,13.280773
1009803,13.431608
1006618,12.78599
1014436,12.780602
1002601,13.077575
1014645,13.132943
1001186,12.620339
1017120,13.273273
1007579,12.51847
1001121,12.647713
1013612,12.737686
1001312,13.497859
1009856,13.380015
1014669,13.549519
1012239,13.016452
1006476,12.784521
1001024,13.43618
1001194,12.55616
1009005,12.453835
1000816,13.132953
1002290,13.832526
1005170,13.223178
1004140,13.064195
1012409,11.532611
1008613,12.074383
1000997,13.742066
1014753,12.673479
1010378,12.280954
1011420,12.350313
1002940,13.492404
1015738,13.847203
1014841,13.244786
1002177,13.469032
1009334,13.23111
1015740,13.20234
1000432,13.538847
1011083,12.314057
1016182,12.492397
1014488,13.203003
1004189,13.787704
1002582,13.059511
1005014,13.1126
1008164,12.807984
1005901,13.334112
1004675,13.497645
1016135,13.038377
1008965,12.645058
1008049,12.955032
1009171,13.176738
1005784,13.160723
1001975,13.504008
1009908,13.486721
1014834,13.099388
1009362,11.817482
1006595,12.919672
1005703,13.652005
1008639,13.016666
1004753,12.997262
1012335,12.71129
1008472,12.944089
1015759,13.197542
1009882,13.764292
1016093,13.161795
1003160,11.71488
1013441,13.039983
1010882,13.854109
1010954,12.561701
1010016,12.262036
1007205,13.071744
1001006,12.915855
1013124,13.228433
1007170,13.928186
1003646,12.506135
1011730,13.187374
1003691,13.167637
1000597,12.81873
1003177,12.742672
1009435,13.25505
1012659,13.198584
1006311,12.21025
1003869,13.350708
1015013,13.514008
1009670,13.528453
1002834,13.130566
1012073,12.126237
1007209,12.404606
1000784,12.99397
1003824,12.796249
1004487,13.840978
1001217,13.811045
1005718,12.468288
1001844,13.856643
1017190,14.101764
1014749,13.450163
1005889,12.433532
1014184,12.014262
1010620,13.128179
1017234,13.406085
1006064,12.850991
1010240,13.231428
1012521,13.513944
1016923,13.689953
1009777,12.586479
1005001,13.873061
1013964,12.966967
1004419,13.30848
1008541,13.779375
1015209,12.34432
1003592,13.284103
1011989,12.779405
1006384,13.89354
1014805,12.294488
1013224,12.348369
1006782,13.388041
1015278,12.26064
1004942,13.268262
1008407,13.318532
1002901,12.186237
1001378,13.132883
1006868,12.465391
1000203,12.983336
1005913,12.730525
1016988,12.124485
1011816,13.271683
1010784,13.315137
1011172,12.182682
1016760,12.28716
1007786,12.509205
1009625,13.401979
1006668,12.955366
1007367,11.759965
1011549,13.157959
1012067,13.902131
1010150,13.161471
1012030,13.003998
1008040,12.62138
1000649,12.859012
1014825,12.360851
1006108,13.217722
1004094,13.431402
1014490,12.877796
1014881,13.208977
1010709,13.106813
1005492,12.741858
1006477,13.865502
1005178,13.881419
1015309,12.924396
1004856,12.688803
1010064,12.504913
1003519,13.716465
1005700,12.730687
1007559,13.049883
1002432,12.449667
1010273,12.771855
1012938,12.949182
1016343,12.504479
1000486,12.871489
1010021,12.883439
1001736,12.999604
1006927,12.341859
1010480,12.999358
1007780,13.663664
1008390,12.68437
1017008,12.191484
1001490,12.393073
1001563,13.535653
1002224,13.482881
1014769,12.693167
1004732,12.768451
1005836,13.310188
1010348,12.547085
1016627,13.886348
1004338,13.234218
1002848,13.776237
1013517,13.297554
1008978,12.697351
1017289,13.421277
1017179,12.029659
1001567,13.085738
1000138,12.383577
1013882,13.266329
1005258,12.800519
1004736,13.40525
1011986,13.586978
1001713,13.126568
1003495,13.268246
1000600,14.07575
1002812,13.094778
1005059,13.322418
1004949,12.385815
1016211,12.836961
1002271,12.965883
1010060,13.72709
1001865,11.982052
1002501,13.105883
1002661,13.984073
1015233,13.769645
1005953,12.167013
1012146,11.867769
1000127,12.263045
1017442,12.886904
1010509,12.854699
1013764,13.207774
1014776,12.220293
1006256,12.714689
1012690,13.829723
1004036,13.783286
1011249,13.79168
1000142,12.568
1004615,13.091207
1010776,13.464343
1009176,13.658006
1002226,12.404544
1013305,12.921275
1008739,12.272822
1014045,12.8312
1016494,12.442217
1014843,13.976906
1006659,13.214182
1007074,13.326158
1006679,13.60694
1012055,13.091409
1011671,12.861536
1002228,13.068391
1014300,13.154681
1010675,13.460593
1001530,13.345049
1001434,12.498346
1000238,13.558703
1016313,11.909922
1016508,12.250384
1010961,12.625695
1006196,12.911021
1002722,12.429151
1008317,12.427749
1008471,13.095921
1011409,13.071194
1005866,13.079272
1003534,13.299825
1004496,12.659559
1006183,12.547332
1007785,13.118732
1009252,12.221492
1017361,13.439419
1009338,13.227925
1007669,12.793979
1000398,12.380651
1004077,13.438841
1002194,12.946818
1003421,13.139508
1001555,12.934979
1012526,13.940565
1015772,13.109129
1009004,12.473129
1010288,12.954904
1010481,12.934539
1015897,13.324153
1011264,12.381201
1010666,12.49718
1014339,12.688095
1017431,12.985865
1003871,13.727749
1009047,13.451315
1013774,13.510263
1012916,13.13548
1006968,12.76279
1017305,11.734864
1002162,12.647643
1006335,12.223102
1013120,11.921995
1003797,12.911198
1002767,12.516671
1015663,13.228355
1017251,13.85573
1009277,13.819681
1008631,13.410008
1012133,13.420068
1017051,14.119375
1008854,13.134452
1007299,13.992819
1007944,13.237468
1011281,13.22269
1001250,12.408494
1008096,13.153989
1008508,12.940457
1015009,12.081743
1007457,11.80845
1004316,12.515859
1015713,13.060839
1011513,12.177579
1011115,12.813611
1000361,12.768088
1011111,12.210756
1008871,13.097582
1017271,13.797931
1001893,13.144208
1005628,12.169357
1017056,12.534093
1013502,11.537783
1000221,13.325998
1012851,12.654862
1001747,13.621719
1015493,12.042964
1010744,12.721345
1011121,13.701035
1013586,13.248742
1014675,12.962633
1007452,13.019742
1009529,12.328617
1013150,11.911997
1005074,12.416695
1011564,12.696676
1009713,13.089899
1008775,13.226513
1000046,13.259441
1014234,12.458951
1005191,12.781113
1015580,13.097026
1015213,12.784111
1009502,14.029848
1009749,13.989256
1008349,12.387525
1009943,13.148867
1006106,13.024823
1016031,12.978648
1016588,12.005293
1003863,13.43355
1002789,14.18767
1012476,12.711898
1014960,13.337711
1013565,13.756086
1014232,13.88653
1006710,12.971766
1001562,13.733912
1010751,13.213405
1001278,13.320382
1012306,13.557826
1006853,13.244177
1000113,13.338346
1002688,13.464174
1014082,12.269566
1004436,12.55012
1000854,13.9115
1008839,13.558803
1008993,12.024174
1000274,13.529997
1005684,12.938685
1009716,12.198571
1003776,13.216273
1005089,12.526239
1015404,12.629411
1011893,13.630828
1001618,13.409359
1005151,13.765807
1005942,12.865212
1005565,12.510617
1014587,13.147453
1001031,13.384023
1017239,12.098106
1016839,13.50952
1009546,13.410517
1004152,13.099666
1016421,12.871935
1000641,13.093339
1005573,12.757008
1016888,13.891226
1006732,12.986937
1005756,12.636556
1004978,12.517817
1001650,12.340102
1010845,12.607658
1005920,12.578302
1001513,13.201747
1001630,12.696864
1003329,12.466532
1001456,12.695169
1001161,13.58478
1003023,12.156393
1015563,11.8572
1006001,12.52491
1011429,11.857449
1004692,13.084473
1009982,13.372852
1012391,12.616357
1014059,13.315787
1014418,12.560189
1006808,13.620279
1006437,13.741752
1006428,14.139201
1010843,12.76086
1011790,14.034927
1015742,12.23014
1002212,13.708771
1005197,13.613783
1001647,13.875105
1014695,13.929463
1011173,13.400765
1016927,14.086887
1013006,12.874737
1008005,12.984392
1015095,12.331988
1012988,13.280339
1003179,13.31479
1016233,12.870898
1012979,11.672446
1009783,13.943845
1006676,12.626265
1005148,13.172649
1005527,13.048245
1006790,13.623073
1012078,12.278697
1009415,12.924229
1008931,13.262414
1014588,13.926351
1008250,12.707755
1012947,12.78455
1010154,12.802451
1014653,12.982094
1012561,13.887584
1009340,13.261673
1016362,12.652858
1016029,12.151541
1011823,12.011009
1006933,12.562139
1003423,12.41329
1006983,13.917029
1007935,12.671965
1001406,12.774693
1010646,12.687934
1015893,12.891771
1012546,12.459325
1005044,12.994833
1010604,13.686495
1001401,12.318401
1002981,13.796474
1005216,13.315848
1007115,13.42095
1016864,13.011687
1007818,12.564873
1004132,13.043944
1013780,12.404481
1008742,13.16397
1007461,12.809737
1003113,13.744144
1015816,13.425878
1006302,11.807297
1010863,13.19095
1003037,12.710119
1006598,13.215499
1011836,13.564992
1006075,13.907071
1013067,12.863625
1016285,13.461541
1017013,13.632923
1015975,12.738139
1014736,13.894775
1003196,13.128063
1015081,13.002196
1016693,12.917853
1009572,14.059332
1016011,13.900994
1006237,12.752303
1016623,13.264155
1000883,13.532572
1017560,13.612194
1007766,12.670089
1015336,12.432368
1006215,13.258227
1016006,13.287889
1010212,12.256842
1006473,14.204825
1002690,13.096728
1016605,13.237214
1004568,12.910457
1013736,11.964955
1012056,13.050973
1009608,13.560126
1014173,12.978757
1014387,13.657208
1004547,13.032913
1011204,12.465739
1014069,13.664314
1013942,13.410927
1017277,12.675423
1010852,13.075214
1003745,12.301755
1005867,13.525544
1011756,13.771989
1015924,13.05079
1011837,12.576268
1002836,13.845375
1005442,13.017203
1013409,12.408292
1011634,13.023593
1010390,13.827489
1017314,12.863157
1006884,11.915729
1015204,12.490335
1017163,12.751871
1002222,12.945529
1009311,13.34928
1014707,12.949748
1002990,12.661609
1001442,12.370499
1006070,12.796972
1000129,13.033968
1007993,13.340165
1016581,12.270231
1014916,13.266452
1003671,13.803647
1007085,13.611727
1016104,13.088628
1005899,11.791971
1009297,13.013924
1000875,12.576309
1002124,12.70327
1002754,12.651733
1005819,13.004795
1010737,12.41484
1002653,12.400804
1011713,13.578812
1007157,12.525221
1005660,12.928685
1003990,13.312596
1011747,13.554272
1012407,13.885086
1007924,12.435916
1007541,12.843146
1000372,12.62944
1016072,11.950548
1001204,12.77261
1009720,12.688974
1010693,12.445518
1011474,13.167602
1017483,12.634298
1004331,12.900122
1013654,12.809233
1015970,13.012066
1005347,13.852498
1002786,13.184454
1001058,12.537666
1016170,12.822643
1007976,13.191571
1002263,12.288536
1004788,12.458658
1008091,13.006355
1006321,13.435595
1014869,13.739349
1011364,13.073332
1002648,12.777111
1011098,13.245392
1012626,14.014258
1016666,13.454843
1016009,13.314659
1016890,13.62825
1016519,12.527967
1008371,11.980622
1003017,13.348939
1007662,12.385134
1007464,13.769406
1010986,13.108369
1004011,13.276065
1002561,12.054103
1010791,12.539875
1011786,13.939735
1014142,13.236105
1012439,12.423817
1005234,13.535217
1013971,13.711294
1004678,12.82822
1006056,13.442284
1009706,12.986495
1001028,12.70582
1004765,12.951505
1000968,12.392434
1017307,12.773036
1012820,13.405478
1005832,13.896862
1002048,12.862444
1008174,13.375641
1007495,13.690752
1012640,12.569319
1011262,12.85023
1016535,13.854618
1017568,13.187935
1015382,12.047655
1005603,12.94756
1010679,13.856564
1007084,12.965289
1014777,12.756567
1000822,13.667575
1006596,12.50675
1011778,12.74786
1004488,13.627291
1016143,13.772334
1004642,12.571165
1004873,12.733451
1011190,13.00689
1005200,12.421733
1016264,13.854593
1000407,12.487019
1004880,12.621237
1017254,12.138035
1015630,12.869063
1006483,13.790101
1012070,11.740178
1000079,13.996713
1000761,13.220301
1002798,14.096588
1010122,13.442069
1010268,12.838642
1005515,13.88254
1000176,11.89191
1001717,14.009129
1010968,12.58043
1012446,12.036199
1001209,13.569968
1007751,12.941591
1009578,13.278214
1010063,12.138371
1014445,13.621072
1006235,12.936244
1005400,13.604235
1010010,12.499497
1000232,13.557527
1011325,12.355581
1007038,13.317466
1001331,11.825873
1008863,11.8121
1009575,13.990266
1013464,13.791069
1012610,12.31553
1010226,13.073362
1007522,13.070715
1016081,13.136992
1014597,12.991589
1000669,13.492777
1012647,13.647317
1005508,12.906809
1001685,13.665743
1013152,12.44652
1011061,12.526509
1014348,12.57767
1016034,13.72279
1015616,13.219917
1004628,12.432827
1010118,13.346715
1016148,13.098695
1008076,13.889985
1006697,13.833754
1000637,13.727
1011231,11.860099
1014462,13.035381
1003384,13.13836
1012810,12.175229
1002198,11.787808
1002448,13.110622
1013552,13.28931
1001594,13.074457
1001070,12.735296
1008258,13.532015
1015806,12.975571
1008239,13.101109
1000174,12.51714
1004969,13.600521
1005562,14.044337
1003433,12.409924
1009917,13.489886
1007333,13.005586
1013802,13.004589
1001935,11.949381
1011013,12.977007
1007979,13.271137
1013148,13.84763
1001590,13.897252
1005324,13.62191
1014915,13.689438
1013440,13.798595
1002497,13.60651
1000498,13.228398
1013940,12.949105
1005504,13.145229
1016212,12.199524
1013399,12.98557
1010318,12.702164
1009331,13.86563
1006875,12.686176
1011719,13.069335
1010609,13.586922
1016306,11.577147
1005217,13.543164
1006218,12.915067
1012219,13.925258
1006460,12.02248
1007089,12.884594
1016621,13.073772
1002435,12.92141
1008664,13.626133
1000110,13.44997
1013056,13.168321
1015255,13.863833
1000786,13.117871
1005894,13.604143
1008368,12.734112
1005925,13.762085
1017524,13.016197
1014120,11.666703
1006313,11.946417
1009141,13.693204
1008915,13.51526
1004122,13.478371
1016330,13.100138
1002058,13.076032
1001597,11.752589
1004924,13.916371
1007582,13.132253
1008002,13.158307
1017596,14.072982
1001656,12.065619
1009995,12.912
1000602,13.968847
1016650,12.702597
1009081,13.490397
1007706,12.881704
1011347,12.251651
1007008,13.646749
1005968,11.763343
1004458,12.356602
1016766,13.487916
1015353,12.432095
1004733,13.215424
1004456,12.673986
1011831,12.942593
1013991,12.155556
1005591,12.063946
1001116,14.090293
1007447,13.90437
1009975,13.669236
1002115,13.248612
1004361,13.180545
1015655,13.534202
1000269,12.169757
1010229,13.37838
1014842,12.85177
1015147,13.396654
1006528,12.716161
1007386,13.100259
1015027,12.523868
1015385,13.616499
1014595,11.78694
1010656,12.532642
1015901,12.776414
1000011,14.075162
1007467,12.181092
1016561,13.692416
1017592,12.487991
1001669,13.334289
1000153,13.284479
1015525,12.93701
1010248,12.363398
1004264,13.649809
1012681,12.677794
1003243,12.182347
1015160,13.207223
1008261,12.691064
1016439,13.881439
1004995,12.433903
1005672,13.408455
1013775,13.943559
1011327,12.770445
1013349,13.474283
1015837,12.538261
1004190,13.356982
1003463,12.530624
1010682,13.553256
1010982,12.913214
1017041,13.88834
1000346,12.324275
1005213,12.997786
1000177,13.421947
1015579,13.643336
1005578,12.310447
1000353,13.503973
1013324,12.430462
1011918,13.87844
1015786,12.270971
1009901,12.746423
1010583,13.533005
1011399,12.882105
1013714,12.682739
1002450,13.906812
1013344,13.833506
1003781,12.309604
1017299,11.820919
1009385,12.615795
1014846,13.377621
1009863,12.182795
1007204,11.659334
1014127,13.874487
1000131,12.767702
1009419,12.700501
1007050,13.714285
1000549,13.028344
1004941,13.228561
1003984,13.079268
1010103,12.491215
1002282,13.244642
1003108,13.689621
1011263,14.013893
1005491,11.955594
1002374,12.950508
1000775,13.40215
1011824,13.753452
1012172,12.999226
1005532,12.479138
1016098,12.45429
1008574,13.697475
1005334,14.112537
1003361,13.248619
1007121,12.611303
1017048,12.872289
1013702,12.733118
1009859,13.287857
1000406,12.965057
1012151,12.800364
1014693,13.147516
1001366,14.031485
1011575,12.828096
1014773,13.522674
1003987,12.98679
1008131,12.079096
1000536,12.212968
1001086,12.98557
1005670,13.917245
1013675,13.155705
1006013,12.426829
1016490,13.091909
1011300,13.635198
1016707,13.883304
1008376,12.821734
1007086,13.821034
1001251,12.545838
1009950,13.196776
1016289,11.692584
1003358,11.577584
1008264,12.307487
1008190,13.927421
1012537,13.123885
1013693,12.962387
1004184,13.027878
1008383,13.942555
1002108,13.813341
1007321,12.950784
1007390,13.300069
1008451,12.832763
1002949,12.793202
1007100,12.812323
1008756,12.043861
1016453,13.531579
1004489,13.053981
1000292,13.096822
1009952,13.606548
1002201,12.795828
1014642,12.633263
1011175,13.748363
1003293,14.132688
1006775,12.871342
1002152,11.586406
1015149,12.240094
1009789,13.160129
1003736,13.995613
1001785,13.56891
1014311,13.310455
1017572,13.803972
1014698,14.056316
1002341,13.598872
1007490,12.223444
1006487,12.307247
1001154,13.587778
1009099,13.581761
1011025,13.472383
1006065,13.355767
1011102,13.421355
1009324,12.999956
1003504,13.122293
1007548,12.909427
1009685,11.799926
1013163,12.294129
1017591,11.932548
1009816,13.061723
1000229,11.900565
1003123,12.433891
1010850,11.954361
1003290,13.32789
1016217,12.919802
1006849,12.837861
1006008,12.518879
1009221,12.401775
1011557,12.460432
1003784,13.438241
1003220,13.829482
1012740,12.478814
1009774,13.998737
1010084,13.452901
1011980,13.978627
1007377,13.095951
1007961,13.608123
1003321,13.734152
1013893,13.149295
1000106,13.59284
1000099,11.391768
1007778,12.783717
1008887,13.331729
1003299,12.327546
1000324,13.33807
1000006,13.20855
1001930,13.57265
1000910,13.908415
1015775,12.764179
1015974,12.250856
1017091,12.513918
1009799,13.671565
1008088,13.118745
1002420,12.743252
1010543,12.847975
1000453,12.661811
1014740,12.752145
1017002,13.426606
1017291,12.824804
1008132,11.951387
1009128,12.81096
1006461,13.465502
1016183,13.167178
1013947,12.923009
1011958,13.200768
1014910,13.158115
1009920,13.064671
1015332,12.614341
1011065,13.442798
1009386,12.419975
1006203,12.763862
1009601,13.357639
1003527,11.638696
1012716,12.39168
1002985,12.919896
1010425,12.634032
1014635,12.66718
1002305,12.753625
1010052,13.749106
1005904,12.902434
1007620,12.404472
1011285,12.344301
1006394,13.680399
1010818,13.456788
1000913,13.24367
1003216,12.345641
1014885,13.242779
1017433,13.761739
1010948,13.716022
1010391,13.120005
1007469,14.033929
1008083,12.535478
1005548,12.035927
1011085,13.214628
1010887,13.046207
1008880,13.11641
1015537,12.746283
1008348,13.106777
1008437,12.286985
1005224,11.960211
1002437,13.086448
1016909,13.919636
1001113,13.847563
1012508,12.767177
1006999,12.623673
1011170,12.245415
1001139,12.538511
1000428,13.339987
1011994,12.958985
1008024,13.266974
1008778,12.738241
1002422,13.345105
1014531,12.495794
1011558,13.76836
1012382,13.256436
1009787,13.163323
1008632,13.688006
1013422,12.376569
1011242,13.324667
1008630,13.087438
1010926,13.120184
1012470,13.284438
1010086,12.319736
1011413,12.669379
1006743,12.923522
1009939,13.642502
1014370,13.248286
1002972,12.757622
1009088,12.566279
1001539,13.865495
1001303,12.332406
1011100,12.430536
1013584,13.126049
1004934,13.084916
1013275,13.090182
1007215,13.869652
1010773,13.406129
1007837,12.647516
1015937,12.542455
1014294,13.820575
1007208,13.878659
1014819,12.055689
1001774,13.519459
1013895,13.242526
1017370,12.042304
1008115,13.018574
1001752,13.296128
1012482,14.025141
1016468,13.298616
1013123,13.126178
1003952,12.773483
1003666,13.012229
1002877,13.818833
1017435,12.513481
1004237,13.237098
1011078,13.51646
1015683,13.441665
1002137,12.219416
1016059,13.004624
1017069,13.765131
1015900,13.171891
1013801,13.134501
1005320,13.527842
1016331,13.571734
1010865,13.188383
1015203,13.712465
1002840,13.252161
1004310,12.947169
1013128,12.881634
1000518,12.882666
1006756,14.051747
1003994,12.716472
1010862,11.546786
1014395,12.441011
1007030,13.315027
1001340,12.985782
1002127,13.082823
1011180,12.546981
1010708,13.681055
1012385,13.254992
1016721,12.580967
1012527,13.068216
1013856,12.965244
1010745,13.082067
1004087,13.148314
1010673,13.371863
1011114,12.965997
1011033,12.719197
1008332,12.155594
1011150,12.284591
1016920,13.19987
1003687,13.155522
1009727,12.237667
1009058,12.434019
1007762,12.91186
1005065,13.323718
1014868,12.996129
1011159,12.866092
1009343,13.049882
1005676,13.540782
1014049,13.526718
1000890,12.813684
1013665,12.725325
1000382,12.429376
1013466,11.896427
1007977,13.281606
1000160,13.282081
1002538,13.196008
1004951,12.999156
1000243,13.201486
1010396,13.343274
1000469,13.51731
1002262,12.864727
1010299,13.663274
1004919,13.766611
1001982,13.594075
1000189,12.696304
1016296,12.320906
1009819,13.52657
1010039,12.208053
1008388,12.507678
1012175,13.219532
1003866,13.355178
1014361,12.404192
1006685,12.733248
1004522,13.229038
1003465,12.896184
1004319,12.436695
1001764,12.614775
1013892,13.649974
1012777,13.298858
1004929,12.887502
1003609,12.898877
1006152,12.738959
1009230,13.650181
1016288,13.438608
1005433,13.603296
1006029,12.204493
1015853,13.244167
1000415,13.206733
1007010,12.841427
1011476,12.686877
1014639,12.783284
1001714,14.033706
1005788,12.811855
1007323,11.893106
1005690,13.624464
1002790,13.286634
1005734,13.093261
1009703,12.56086
1003287,13.901377
1003953,12.684998
1008748,12.95057
1006412,12.762712
1011754,13.055166
1004948,13.652627
1013824,12.749123
1011891,12.89558
1001803,13.239299
1015342,13.511849
1004196,12.506869
1002864,13.198021
1003794,13.058334
1007920,12.488776
1015371,12.648789
1016467,12.737193
1008141,12.784416
1009925,12.788769
1013601,13.906668
1015130,13.443578
1001474,12.712809
1008070,12.971118
1002011,12.554028
1005454,12.434721
1012542,13.419799
1014657,14.028442
1013420,12.709471
1013793,13.420462
1005381,13.306318
1013126,12.723152
1014784,12.98986
1014269,11.848582
1013465,12.369232
1006102,11.980134
1000472,12.614947
1007685,14.197452
1009207,13.040428
1016689,12.971797
1014007,12.753541
1010437,13.044028
1013785,12.520417
1011019,12.067786
1012553,12.652433
1009223,12.809476
1003593,13.506248
1001463,13.954862
1007137,12.866586
1010073,12.871156
1009416,12.828205
1015138,13.579157
1001158,13.191291
1008547,13.473489
1007820,13.221696
1008834,13.480759
1004669,12.379887
1000013,12.329717
1013283,12.051602
1016851,12.51133
1003356,13.104584
1016465,13.022425
1011964,13.288985
1010602,13.414365
1011230,12.405691
1007122,12.842294
1000418,11.875135
1009148,12.257731
1011581,13.727848
1006847,13.492327
1004981,13.323198
1015358,14.067344
1011330,13.331342
1012879,13.341558
1010321,12.450274
1017248,12.400792
1004078,13.352649
1013300,13.568709
1009931,13.199463
1009555,12.661233
1009365,12.934199
1003170,13.939026
1009196,12.284669
1017514,12.222053
1006904,12.743541
1016803,13.271851
1015876,13.35627
1010858,13.649854
1008255,13.567758
1014373,12.571535
1005987,13.996873
1001652,13.038227
1001813,13.653761
1009496,13.552069
1016863,12.826509
1016270,13.971737
1006627,12.883267
1001845,12.983344
1004997,12.876277
1015437,13.116265
1013212,12.411635
1005444,13.03148
1011369,12.151863
1002647,12.168918
1011363,12.988845
1005728,13.114175
1009067,12.476227
1009209,13.571662
1010132,11.561456
1005856,13.226541
1015543,12.566922
1014502,14.07866
1002651,12.570448
1000687,12.139023
1006674,12.455708
1001140,13.357146
1012839,13.293489
1010767,13.142873
1009903,12.865604
1010930,12.912487
1003064,12.975965
1014705,13.295048
1015637,13.902349
1016514,12.386014
1016768,13.910991
1015719,13.108559
1013699,12.949102
1014016,13.644749
1005141,13.781841
1011294,12.884181
1016116,12.453682
1003375,13.310424
1015516,12.912421
1013220,13.728662
1000377,13.196645
1002968,13.777038
1001696,12.08242
1015675,12.340739
1013787,13.805225
1007909,12.87983
1011810,12.020726
1013544,13.215182
1008155,12.558705
1005740,13.194655
1000494,12.712403
1016110,12.549698
1008577,13.867861
1013761,12.615365
1003927,13.293556
1003890,13.264577
1010413,13.206364
1015044,13.793818
1001938,13.543369
1012723,13.57235
1000740,13.422755
1012022,14.120082
1009629,12.49109
1004877,13.122147
1014889,13.131318
1017349,12.584214
1003792,12.984502
1008486,12.062456
1014231,13.104512
1006582,12.980685
1015510,12.923212
1001589,13.652165
1008008,13.678581
1001054,11.926128
1013896,13.45919
1011305,12.748877
1007919,12.909026
1017511,11.940028
1016052,12.533976
1012759,13.541365
1001912,12.833037
1004235,13.284692
1015208,13.539171
1011870,12.904463
1012665,12.705223
1001119,12.905721
1009873,13.653812
1002526,13.883677
1010459,12.713991
1008629,13.569119
1004382,13.774405
1012984,12.275665
1005726,11.886707
1000096,13.190426
1003774,12.890535
1008914,13.270416
1008461,12.515507
1004782,11.760046
1003791,13.898312
1013976,13.756171
1003978,12.945742
1017134,13.573357
1014692,13.474781
1008745,12.251531
1017561,13.21273
1001129,12.978607
1015536,13.109581
1015508,13.118417
1001355,12.134417
1004449,12.929896
1009261,13.041821
1017158,11.75959
1011328,12.745012
1000635,13.84464
1000542,13.16192
1014444,13.156325
1010029,13.13272
1013354,13.017821
1001407,13.209014
1002039,12.505604
1015870,13.73898
1007823,12.865207
1003816,12.750916
1001218,12.495433
1001387,12.836936
1010711,13.50611
1004105,13.005145
1017296,12.314875
1003705,13.705442
1001230,13.597151
1014289,13.318411
1015284,13.790941
1009616,13.699659
1007401,12.88508
1012246,13.656907
1016674,13.845726
1011321,13.149983
1009712,13.591208
1004464,12.945202
1004014,13.271888
1001537,11.572903
1000211,13.522496
1006646,13.493843
1009008,13.651987
1000861,13.196768
1007661,13.701225
1005121,12.805037
1001690,12.931581
1009806,12.614381
1000541,13.788196
1005272,12.579424
1002462,13.894838
1008237,12.909624
1005231,12.81441
1016094,13.581556
1008444,13.439196
1015120,13.253566
1007251,13.621623
1000059,13.589442
1007185,13.58783
1009836,13.005308
1014026,12.987502
1005296,13.137071
1000286,12.979118
1007178,13.338363
1005311,13.349547
1010023,14.040292
1000826,11.980089
1013639,11.815232
1015696,12.488917
1006549,12.909436
1013549,12.727491
1000578,12.854161
1015697,12.90114
1009669,13.321666
1006498,12.764976
1010047,12.605706
1007523,12.86098
1006153,12.703611
1014165,12.186343
1013171,13.386749
1003767,13.049843
1006962,12.885489
1015512,13.469725
1009312,13.566437
1002069,13.421851
1004993,12.763493
1015776,13.601186
1012233,13.775675
1010591,12.679952
1008886,12.735786
1009279,12.988599
1010245,11.572487
1001117,12.69827
1016203,13.764439
1011198,13.441563
1003552,12.689526
1011766,13.033073
1012267,12.901332
1008831,11.877261
1014641,12.72589
1001324,13.326433
1003620,12.367227
1017413,12.150995
1001576,12.653804
1016742,13.100364
1000299,13.381058
1013936,12.68786
1012063,12.55842
1017246,13.551002
1015110,12.960007
1016583,13.900546
1002200,13.647559
1015325,13.224957
1017574,13.664032
1014104,13.57868
1000014,13.023786
1005093,13.163266
1012432,14.047988
1007838,13.860317
1006181,12.586951
1009319,13.503763
1009953,12.545273
1011291,13.16172
1013695,12.494526
1003520,13.311897
1004207,13.178834
1000489,13.223156
1013696,13.41191
1006389,12.476025
1009697,12.122446
1002734,13.750563
1008300,13.830328
1014378,13.072106
1014948,13.927975
1003009,13.91784
1000344,13.219163
1011627,12.773207
1011444,13.38537
1007802,13.452289
1003466,12.020961
1017340,13.9323
1000831,13.509001
1005399,12.531515
1016722,12.727803
1006109,13.742376
1007601,12.461227
1015878,13.487149
1009395,13.289636
1001141,13.310024
1013326,13.525057
1001477,12.484623
1015407,12.282956
1009817,12.614646
1016734,12.426725
1003446,12.354474
1004786,12.980588
1000031,12.908023
1013143,13.355396
1007514,12.060839
1009998,12.411153
1007897,13.548761
1000897,13.680987
1005421,13.917121
1015421,13.15713
1009981,11.739183
1002116,13.183457
1005630,13.881995
1009354,12.210707
1011814,12.687397
1005547,13.479748
1003661,12.917016
1015098,12.635669
1009033,11.617984
1013618,13.764887
1012639,12.344026
1012838,12.76223
1001438,13.828526
1011763,11.664095
1006423,12.994822
1012877,13.15914
1012673,12.231088
1009222,13.143222
1004592,12.681454
1004366,13.365158
1016968,13.144813
1002724,13.333433
1005375,12.633458
1015210,12.657236
1008575,13.090774
1008812,12.668216
1004952,12.876781
1000332,13.882197
1012852,12.595567
1000390,12.889303
1015945,13.10417
1009135,13.643736
1000095,14.015127
1001859,13.337537
1000853,13.425644
1004425,13.420425
1000386,12.807832
1006101,13.229479
1009841,13.147682
1001148,13.311503
1016567,13.220127
1000413,12.925163
1012322,12.788347
1000284,12.975052
1000820,12.695834
1017108,13.307398
1000973,12.539937
1011270,12.510813
1006425,13.099735
1008672,13.666886
1001676,13.397745
1014772,12.780109
1015502,12.541697
1015306,11.721977
1011567,14.051112
1006119,12.349806
1013467,12.611335
1008953,13.001953
1000180,13.832189
1016840,12.462009
1009627,12.498208
1015236,13.680887
1015554,12.574952
1001604,13.623113
1015805,11.801286
1000423,13.166804
1010005,13.521863
1005386,12.751382
1000914,12.837196
1008466,13.119877
1011461,13.457054
1001635,12.915084
1015799,12.35214
1006022,12.946866
1002628,13.754952
1011216,13.03661
1015810,12.931995
1007687,12.529963
1011406,13.323305
1012469,12.766747
1014421,14.02161
1000838,13.213881
1013845,12.685496
1014856,12.700506
1004108,12.717509
1006580,12.788642
1005155,12.990975
1012192,12.989154
1014216,13.95955
1011884,12.406169
1009136,12.798544
1014634,13.328549
1010434,12.176146
1001890,13.912717
1015001,12.848153
1013650,13.00565
1003743,12.759546
1003447,12.634955
1001022,12.239232
1013521,11.874384
1009535,13.592954
1007465,13.155155
1014360,12.257831
1007825,12.427407
1006431,12.875929
1017364,12.566221
1006134,12.03229
1013202,12.523306
1011069,13.455867
1004742,12.806287
1013790,13.142542
1016955,12.794184
1002814,12.722885
1015443,13.006071
1003782,11.8343
1010800,13.726517
1005996,12.876343
1012511,13.212415
1005043,13.839715
1004427,12.861829
1007940,12.741533
1005462,12.876047
1001443,12.498345
1000242,13.545754
1005304,11.930067
1009808,12.938781
1008972,12.952788
1005552,12.896695
1011924,12.423629
1017562,12.878407
1002837,12.924132
1005277,13.475383
1000300,14.003297
1015541,12.284582
1012829,12.333828
1012254,12.456597
1008457,13.383886
1009883,13.099495
1007406,12.885146
1009844,12.810276
1012068,13.149887
1000370,12.945712
1016458,13.433959
1012155,13.638643
1009169,12.938209
1008301,14.028868
1002984,12.797702
1008085,12.883486
1012779,12.816791
1016262,12.166401
1008295,12.948824
1003438,12.082562
1004091,13.132329
1005779,14.234228
1008865,13.624974
1009992,13.422942
1011565,12.333014
1013958,13.045933
1009062,12.608361
1015245,12.906696
1009201,12.86635
1012319,13.913922
1014678,12.566891
1007545,12.195248
1011220,12.905204
1005373,14.025026
1010332,12.886831
1004389,14.096215
1004529,12.895364
1013878,12.861714
1004333,14.00819
1009019,13.979967
1016308,12.800437
1011323,13.240129
1006701,13.922558
1009649,12.668668
1009964,13.817201
1013891,13.383594
1010981,12.485152
1016680,12.648858
1008338,12.868311
1013503,13.04285
1017421,13.322547
1002996,13.904048
1009493,13.445855
1013414,13.329525
1001185,12.857842
1010578,12.84458
1008675,13.589254
1015093,13.688356
1006045,13.249013
1017383,13.923164
1009499,13.424664
1012893,12.345158
1004734,13.397237
1016573,12.708812
1012499,12.442064
1002351,12.52692
1002602,13.824471
1016472,12.288072
1004259,13.072939
1009204,13.23068
1012405,12.760939
1001447,13.318987
1003143,13.626446
1004286,12.884314
1009258,13.184562
1001382,13.459731
1014625,13.441027
1015867,11.903882
1014694,13.858749
1006391,13.083789
1002995,11.384501
1002624,13.078974
1006417,13.161455
1001400,13.626374
1013192,12.695529
1010285,12.23782
1006942,13.979359
1006936,12.974424
1001203,12.593934
1003515,13.22799
1010980,13.312852
1002890,12.82555
1002792,13.044323
1011393,13.452455
1016683,12.274465
1007756,12.685729
1017237,13.749017
1015091,11.66567
1014954,12.227563
1012809,13.065454
1013533,12.765404
1000508,13.795555
1009818,13.860633
1016156,13.28369
1017373,12.705919
1011199,12.640029
1007262,12.683537
1011727,11.877024
1015270,13.836981
1014976,13.570885
1007616,12.610164
1000117,13.854429
1014393,13.425808
1001296,13.566308
1017531,11.825627
1016604,13.133182
1012398,13.201921
1005595,13.459044
1000520,12.574558
1005172,13.903639
1011720,12.643874
1010209,13.274704
1009403,13.871601
1012194,13.825173
1006917,13.019547
1010595,13.192546
1012693,12.240896
1012735,13.17032
1016297,13.251518
1010660,13.018557
1002046,12.501362
1001919,12.653192
1001746,11.506458
1001709,14.124939
1010890,13.610573
1004960,13.511819
1000814,13.645426
1003187,13.029392
1009002,13.715435
1002017,11.913821
1007942,11.91744
1009785,12.864114
1010446,12.087356
1008992,13.279797
1017146,12.828273
1004918,13.176937
1010855,12.791384
1003260,12.863975
1015194,11.923795
1000662,13.756335
1001314,12.135232
1011576,12.891079
1001663,12.550117
1013712,13.891784
1017143,13.675355
1002583,14.04298
1014110,12.531764
1016007,14.100223
1003719,12.078937
1012003,13.9499
1007758,13.312161
1014302,13.257188
1006586,13.343271
1017250,12.537948
1000197,13.374732
1004992,12.880293
1010929,12.774908
1008528,12.942296
1010104,13.772588
1013449,12.130745
1016016,13.628132
1015292,13.280715
1005692,12.749658
1015704,12.488901
1014499,12.608011
1000603,13.870471
1005294,13.150294
1016255,13.356451
1017326,13.226001
1013592,13.946004
1003247,12.951749
1004794,12.985748
1001761,12.976673
1004330,12.9591
1007657,13.244513
1012899,12.81635
1017342,12.600137
1005912,13.438544
1015795,12.503841
1011026,13.58533
1009327,12.984702
1005711,12.86495
1007076,12.943881
1001213,13.506369
1016386,13.191855
1017182,12.885129
1017214,12.387667
1011840,12.377726
1016474,13.087317
1017588,13.113568
1001283,12.657793
1012089,12.890019
1000957,13.146589
1006173,12.104073
1011583,12.080185
1006221,13.152275
1008014,13.41641
1000757,13.29427
1001339,12.046062
1016872,12.713135
1010300,12.477782
1011904,12.024116
1000563,12.021404
1001544,12.059832
1008144,13.356832
1007027,13.388215
1000720,13.876429
1003205,13.794258
1009728,13.127643
1017301,12.818471
1016806,13.088346
1000065,12.911356
1011030,12.994806
1006920,13.720131
1006090,13.508722
1012020,11.539093
1015645,13.18257
1014602,13.555469
1000899,13.557086
1000730,13.464186
1001506,12.516526
1011343,13.35398
1002557,12.818333
1006630,13.818138
1009391,12.512704
1003039,14.066363
1015796,13.277563
1008859,12.604877
1004297,11.659065
1013473,13.060854
1003322,12.966082
1006379,13.065002
1006098,13.383345
1007351,13.752812
1013166,13.066352
1011081,13.373279
1011527,13.332521
1000068,12.908544
1012530,13.122018
1008419,12.839289
1001954,13.014873
1011515,14.117145
1016224,13.782035
1002230,13.571641
1006606,13.073647
1012224,13.085096
1002537,11.817404
1006734,13.197996
1013125,13.942454
1000938,13.611446
1012312,12.961319
1007005,13.884576
1002276,13.398087
1005510,14.156652
1001999,13.17679
1014441,12.446993
1015299,13.083014
1010601,13.406086
1003281,12.928184
1003801,14.107175
1006035,12.863199
1013705,13.447452
1009843,12.882686
1003014,14.00432
1012437,12.633591
1002332,12.740023
1001038,13.894356
1016829,12.82921
1006228,13.09608
1014247,12.410227
1003410,12.670751
1002122,12.530435
1008592,13.14402
1017211,12.582503
1005687,13.247211
1002035,13.153113
1005556,13.209744
1006392,12.599596
1010152,13.879236
1008963,13.809081
1011632,12.80815
1006130,14.093522
1004134,13.197407
1002155,12.15956
1015820,12.341869
1016188,12.864555
1014802,13.44673
1011519,12.637281
1000685,13.144809
1006571,12.515852
1010793,13.589759
1004421,13.619264
1015701,13.752586
1004482,13.076434
1013230,13.285804
1000295,12.476564
1000884,13.334137
1012457,12.567255
1003015,12.377801
1008942,13.073934
1012729,12.77278
1008973,12.686359
1013490,13.317782
1012999,13.552284
1010393,12.531822
1009080,12.837646
1014080,13.208132
1002400,12.320012
1010970,12.437355
1009919,12.116759
1001465,13.036169
1001068,13.261551
1010726,12.971285
1001686,13.882788
1013083,13.43218
1003926,13.160804
1008741,13.080648
1000660,13.113217
1011219,12.010897
1001332,11.848422
1017198,12.623788
1004959,13.530415
1007773,11.757154
1011570,13.016009
1009272,12.014396
1003766,12.073185
1003083,12.035595
1003444,12.757675
1008117,13.178218
1015614,13.049573
1004182,13.09441
1007184,13.367821
1005745,13.901589
1010966,13.175764
1016356,12.435169
1010605,13.16177
1015401,13.246593
1002459,12.486169
1013407,12.657829
1012161,13.196129
1011607,12.081667
1003586,13.083073
1009874,12.657118
1006599,13.468311
1017333,13.468032
1006963,13.225005
1015122,13.609706
1002957,12.551362
1004657,12.768709
1009160,13.006419
1007847,13.033674
1006902,12.871186
1015376,13.471566
1014708,12.938629
1000575,12.413905
1014310,11.969689
1013221,12.514729
1003092,12.687165
1002691,12.951484
1001375,14.014235
1016447,14.02861
1010403,12.863448
1005261,13.210254
1007868,13.137744
1002344,13.249417
1000945,13.018752
1014243,12.868991
1006407,13.139421
1002111,13.633638
1004581,12.924169
1000459,12.476118
1007222,14.053253
1006357,13.894561
1010566,13.698002
1002954,12.689011
1000007,12.134041
1006982,12.578725
1000250,13.955559
1012703,12.40918
1010702,12.854847
1013749,14.117237
1001291,13.54511
1016991,13.870917
1007267,12.97612
1009025,12.328556
1015076,14.133841
1010020,12.798651
1009855,13.802638
1000976,13.549169
1013987,13.902061
1009057,12.260997
1011971,13.241247
1009501,12.805703
1010664,13.56587
1008933,13.956774
1016710,12.990558
1011876,12.855719
1017419,12.688931
1009162,12.999883
1008399,13.029899
1000145,11.764905
1014838,12.490579
1015165,12.342229
1004183,13.504039
1005443,12.806624
1012363,13.239687
1014774,13.386868
1005822,13.777447
1002944,12.330986
1002682,13.670322
1003146,12.469673
1017428,13.381346
1001487,13.558361
1005717,13.2674
1012917,14.01974
1011506,13.54044
1007659,11.919048
1004261,12.512718
1001832,12.74203
1010463,13.617486
1000331,14.106432
1000692,12.639179
1001285,13.127094
1010417,13.509971
1000760,14.054227
1005554,14.124203
1009470,12.558507
1005656,11.788837
1005380,13.572461
1001885,13.406348
1016318,13.070532
1017416,13.142488
1010373,13.388541
1004977,12.026318
1002178,12.204649
1000933,12.029202
1011979,13.179649
1000466,13.404861
1006030,12.842652
1000244,12.142956
1014402,13.770445
1015832,13.485701
1010678,13.453558
1006205,13.461114
1001807,13.136177
1010805,12.963577
1007371,12.263848
1009456,12.290576
1012942,12.775953
1013769,13.939494
1000840,13.144052
1005817,13.101881
1014811,13.771891
1005971,14.070677
1006352,12.587544
1011641,13.449839
1012849,12.191383
1005447,13.83094
1002328,11.93096
1006137,13.031695
1006011,13.727441
1000279,13.480101
1010507,13.591872
1010360,11.771524
1007229,13.970401
1010962,12.980008
1014743,12.688056
1012560,13.95891
1017161,12.648272
1016492,11.704824
1004544,12.725006
1009586,12.806236
1005850,13.174609
1007800,13.415362
1012120,12.313869
1009423,12.792055
1003048,14.183961
1009758,13.715023
1006252,13.148068
1009440,13.389773
1006198,13.482952
1001310,13.141877
1005706,12.457202
1008425,13.070937
1016381,12.239287
1002229,12.934783
1017595,13.191426
1012996,13.215275
1004680,12.653767
1004762,13.873935
1000144,13.331712
1016232,12.415226
1016642,12.997691
1004801,12.513963
1014630,13.530282
1008665,11.513834
1009665,13.242068
1011705,13.115007
1003223,13.106361
1003543,12.234278
1000348,13.095787
1013827,13.018381
1008433,12.594632
1008560,13.223351
1016476,13.562268
1015977,12.943933
1010416,13.186789
1013799,13.694172
1012944,13.655232
1002572,13.727199
1013598,13.703978
1009351,12.786632
1005685,13.004988
1009842,13.243133
1016322,12.095404
1014282,12.61607
1010690,12.979149
1013444,13.882757
1010560,12.926241
1009281,13.030619
1005716,11.786296
1008380,13.36818
1007004,11.938169
1013840,12.897781
1002783,12.70284
1016235,13.806973
1015538,12.835757
1002630,12.426391
1016956,13.473944
1001169,13.152671
1004519,12.849046
1007453,12.356003
1003541,13.196489
1000715,12.060526
1015456,12.444734
1014760,13.713624
1002463,13.311457
1017545,13.571896
1012833,13.26054
1011127,13.161293
1016741,13.787963
1006699,13.105887
1004595,13.759696
1009607,13.466746
1017509,12.903843
1014815,12.834678
1016276,12.36831
1015506,13.028929
1012051,13.338305
1008200,13.545074
1010671,11.849546
1002081,13.310562
1007442,14.028672
1007283,13.849553
1011048,12.65128
1012997,12.87864
1013307,14.0746
1012162,13.103315
1001688,13.550286
1008030,13.286384
1015357,12.572488
1005975,12.648687
1009524,13.457361
1000366,13.209467
1017363,14.158906
1010900,12.867807
1015887,12.916051
1006956,12.589173
1002806,13.418537
1002363,13.466525
1014406,12.564978
1004761,13.505173
1014652,12.691277
1002662,13.236299
1009084,11.998914
1000170,13.024407
1003786,13.658409
1013016,13.875904
1010883,13.157698
1012024,13.681321
1017505,13.36457
1014706,13.633701
1010846,13.902195
1007173,13.002514
1001808,13.723326
1014204,12.475429
1009588,12.464367
1007434,13.693575
1002259,13.300377
1010639,13.043379
1010256,12.650741
1002131,14.076547
1014383,12.9983
1016487,12.759268
1006242,11.981474
1012375,11.706588
1013930,13.734632
1001313,13.382637
1015080,12.060148
1002244,12.800566
1013992,12.81121
1004620,12.246367
1013263,13.285456
1001605,11.697067
1016832,13.355856
1013177,13.637088
1006081,12.614083
1007654,12.46622
1016751,13.907559
1013295,12.677562
1014699,13.036006
1015910,14.076273
1003133,13.244893
1015199,13.64442
1003997,12.45653
1001502,13.972507
1012923,14.019571
1004591,13.349655
1010627,12.200586
1017230,12.378795
1002510,13.920021
1012403,12.839867
1007281,12.326657
1011314,13.116409
1009664,13.25408
1005415,13.214998
1014446,12.684206
1013727,13.226079
1006740,13.629891
1005625,12.547656
1017536,13.064278
1006281,13.045602
1009968,13.639605
1013883,12.228827
1015123,13.953754
1005474,13.219374
1009638,13.2754
1014403,13.545748
1002380,12.691071
1005758,13.093861
1007493,12.123522
1013889,13.379734
1009768,13.152918
1017401,12.94492
1000607,12.600975
1000629,12.785233
1002554,13.05674
1012238,13.215246
1006700,12.498979
1005441,13.313684
1012044,12.654971
1009687,11.899509
1004224,14.175319
1001489,13.193862
1001821,13.790663
1011981,12.161925
1017261,12.342516
1016754,12.6856
1016931,12.402345
1002049,12.716191
1005016,12.807734
1000896,12.115725
1007749,13.163613
1003169,13.170063
1016591,12.38772
1001262,13.010218
1015725,13.489705
1000753,12.842128
1006986,11.837759
1017337,13.781917
1014206,12.317136
1013386,12.557997
1015618,13.804266
1015716,12.29236
1005747,13.945289
1001517,12.787346
1005348,12.746477
1009111,13.787349
1011947,14.018258
1009159,13.623581
1012714,13.258262
1014411,12.33657
1006997,13.317098
1016164,12.82302
1014480,13.128332
1004789,12.924875
1015622,12.556277
1006620,13.006867
1013777,14.005787
1010608,12.844884
1004169,13.074843
1015896,13.411654
1004593,13.508787
1006524,14.178119
1014208,13.289926
1003856,12.854828
1005354,12.930845
1003398,12.953844
1008028,12.762195
1002670,13.820254
1014813,13.525469
1012823,13.562199
1007714,13.54653
1002991,13.432588
1013867,12.94202
1015375,13.183807
1007426,13.899887
1016249,14.069791
1004655,13.985852
1014340,11.810759
1009899,12.919718
1011374,13.798888
1005451,12.708202
1017257,13.123026
1017441,12.913817
1013651,12.852225
1015527,12.721864
1007955,12.810738
1001681,12.240583
1007844,13.505556
1009604,12.623466
1008499,12.01641
1012894,12.902507
1008462,12.864548
1001221,13.61009
1002675,13.780916
1014346,12.620776
1012691,11.887677
1008759,13.230427
1003234,12.426444
1016691,12.993249
1003408,13.82281
1005306,13.563292
1012512,12.678807
1005830,12.895093
1001931,11.798364
1005319,14.003986
1016841,13.329126
1000594,12.931384
1014790,12.34317
1005957,13.02645
1001619,13.104684
1006113,13.625978
1015412,13.705818
1000845,13.636661
1010544,13.077367
1005985,13.572311
1004414,12.741379
1014750,13.498212
1010559,13.734597
1011532,13.385164
1003922,12.80698
1010474,12.571398
1013656,14.01876
1015669,13.600462
1003542,14.03318
1011161,12.8945
1002700,12.900367
1002301,13.782752
1017446,12.753929
1003244,12.232913
1001670,12.604303
1001822,12.492436
1008789,12.301916
1002771,13.289537
1002744,13.138925
1011238,12.762792
1007219,12.572385
1000168,13.431235
1014944,13.391986
1011628,13.583533
1009024,12.597321
1013487,12.814264
1004335,12.084839
1016114,13.533957
1002207,13.625144
1015090,13.959341
1010460,13.145924
1014307,11.926287
1002377,13.001949
1015425,13.284901
1000613,13.508036
1016550,13.027642
1014145,12.181367
1005342,13.132879
1007328,13.06896
1013835,13.750951
1005088,14.013791
1007590,11.993245
1001603,13.044361
1010831,13.91455
1000554,12.742838
1016352,12.162474
1004695,12.851164
1003564,12.603746
1005019,13.939473
1009464,13.450706
1017332,13.45616
1013347,12.491045
1000107,13.165735
1002280,13.249725
1005297,13.050529
1015709,13.411397
1010359,13.968507
1015238,12.011655
1006516,12.928655
1001466,12.838728
1010230,13.222967
1005561,12.426447
1004341,13.943835
1006326,12.750922
1011695,12.765547
1011990,13.844167
1005410,12.225059
1007035,12.967256
1014568,13.579082
1013092,14.001276
1011490,12.704651
1007345,12.615443
1007435,13.00456
1013669,13.839898
1009178,13.160059
1015927,13.029458
1001898,13.255788
1015741,13.615147
1002330,13.325621
1011896,13.713644
1001508,12.366794
1013664,12.223632
1013445,13.03329
1006820,13.860935
1008735,13.885003
1014981,12.586667
1010257,12.93653
1017600,12.957211
1001096,13.192989
1016479,12.560557
1008970,13.694876
1012733,13.302265
1013484,11.885202
1000916,13.52085
1008771,13.175455
1008226,13.193806
1010555,13.842401
1014117,12.480973
1017284,13.671873
1005176,12.296619
1013523,13.111994
1003648,13.827365
1015846,13.601017
1003047,13.592891
1013254,13.368952
1008847,12.437863
1001914,13.554828
1001856,13.08004
1000736,12.911382
1011502,13.759814
1000443,13.551732
1013623,13.25925
1003449,13.337396
1010338,12.00006
1010251,13.014918
1003312,13.311373
1000729,14.095299
1010266,13.259456
1011309,12.961289
1010305,12.682031
1017331,12.697532
1017507,13.331715
1017521,13.817354
1004542,13.807641
1008406,12.912214
1000355,12.835149
1007175,12.995869
1005712,12.587314
1007842,12.61018
1004649,12.351555
1011499,13.709347
1013205,14.046282
1006825,12.401569
1001915,13.890583
1009753,13.133278
1015173,12.921971
1010402,12.908324
1016728,13.69719
1007703,13.468684
1008857,12.48035
1015913,12.455236
1016166,12.153345
1016834,13.76852
1005388,12.900032
1012209,13.26971
1012685,13.324572
1001416,13.530957
1001276,12.443313
1007382,12.957748
1014732,12.937177
1014164,13.849525
1001658,12.963597
1011670,12.937809
1010092,13.639572
1002893,13.62055
1012298,13.419093
1008139,12.775604
1006306,13.640887
1001225,13.970817
1007211,12.456899
1013332,13.093826
1016187,12.513608
1007873,13.535361
1002607,12.029601
1005543,12.841341
1011125,13.036802
1012019,13.583429
1013265,12.790418
1006594,14.0227
1006398,12.86681
1003744,13.680473
1000441,13.39955
1009788,12.093761
1002574,13.945272
1007056,11.702288
1015162,12.859634
1011209,13.830855
1006446,13.260184
1008784,13.145731
1008884,13.205462
1009182,14.07096
1005644,12.98809
1003738,12.758839
1010668,13.053048
1006054,12.821379
1006032,12.222134
1002663,13.052629
1000440,13.256749
1006432,12.677282
1016321,12.761672
1011064,13.19121
1011024,13.235778
1001083,13.526954
1017199,13.079513
1012418,13.244061
1006624,12.893526
1010336,13.862885
1010657,13.27353
1015626,12.773483
1001012,13.649896
1006219,12.551754
1011977,13.802833
1009022,12.896823
1012004,12.363716
1016501,13.023389
1006085,13.081064
1005111,13.647541
1005419,13.228646
1015888,13.855227
1010705,14.035618
1016119,13.494446
1008733,12.78795
1008094,12.315053
1001481,11.699397
1010795,12.331345
1012911,12.846726
1010344,12.532455
1009393,12.745903
1002479,13.64396
1009508,13.809775
1010250,13.98127
1000787,13.754994
1002446,13.363143
1003203,12.683446
1017202,13.194846
1012898,13.054254
1012545,12.645717
1007365,12.796765
1008517,12.79781
1004188,13.907998
1011462,14.0592
1014331,12.742282
1011657,13.14295
1005377,12.763897
