zpid,predicted_price
1009018,0.0
1001436,0.0
1010988,0.0
1002184,0.0
1015717,0.0
1001346,0.0
1006728,0.0
1002644,0.0
1009198,0.0
1008339,0.0
1017567,0.0
1014281,0.0
1016770,0.0
1007599,0.0
1015766,0.0
1011268,0.0
1015728,0.0
1005910,0.0
1012305,0.0
1000209,0.0
1011855,0.0
1012252,0.0
1010211,0.0
1006401,0.0
1009723,0.0
1013941,0.0
1016219,0.0
1009350,0.0
1005071,0.0
1010399,0.0
1013189,0.0
1003138,0.0
1015723,0.0
1006247,0.0
1007478,0.0
1003685,0.0
1004764,0.0
1009233,0.0
1010893,0.0
1012091,0.0
1017092,0.0
1003069,0.0
1012178,0.0
1006136,0.0
1003701,0.0
1002491,0.0
1012167,0.0
1001683,0.0
1006785,0.0
1014002,0.0
1004666,0.0
1016954,0.0
1012772,0.0
1010688,0.0
1012968,0.0
1001415,0.0
1011748,0.0
1007073,0.0
1004221,0.0
1010651,0.0
1005362,0.0
1012256,0.0
1000135,0.0
1010219,0.0
1000261,0.0
1003779,0.0
1007814,0.0
1017541,0.0
1008693,0.0
1006051,0.0
1012475,0.0
1010967,0.0
1010153,0.0
1007854,0.0
1001543,0.0
1012709,0.0
1011522,0.0
1010467,0.0
1016019,0.0
1011087,0.0
1011360,0.0
1011923,0.0
1013380,0.0
1010592,0.0
1011882,0.0
1012814,0.0
1017039,0.0
1014089,0.0
1004163,0.0
1008400,0.0
1015904,0.0
1006975,0.0
1001501,0.0
1010533,0.0
1007574,0.0
1006887,0.0
1007117,0.0
1015872,0.0
1000949,0.0
1016984,0.0
1008493,0.0
1001066,0.0
1014890,0.0
1009150,0.0
1015445,0.0
1003773,0.0
1000521,0.0
1009827,0.0
1007448,0.0
1004064,0.0
1013351,0.0
1007934,0.0
1005772,0.0
1012467,0.0
1009678,0.0
1003903,0.0
1007368,0.0
1001019,0.0
1015956,0.0
1007676,0.0
1003862,0.0
1009421,0.0
1008790,0.0
1016222,0.0
1011510,0.0
1003760,0.0
1010095,0.0
1016848,0.0
1007981,0.0
1001863,0.0
1017279,0.0
1000210,0.0
1009220,0.0
1000670,0.0
1011975,0.0
1009650,0.0
1012244,0.0
1004490,0.0
1008783,0.0
1013050,0.0
1014078,0.0
1014560,0.0
1011972,0.0
1013813,0.0
1016790,0.0
1005284,0.0
1013954,0.0
1008243,0.0
1005551,0.0
1013022,0.0
1009326,0.0
1012559,0.0
1016326,0.0
1001392,0.0
1008539,0.0
1007707,0.0
1011195,0.0
1006858,0.0
1012325,0.0
1014033,0.0
1002285,0.0
1008722,0.0
1005675,0.0
1000444,0.0
1007793,0.0
1013869,0.0
1002067,0.0
1000680,0.0
1014261,0.0
1002004,0.0
1014357,0.0
1006564,0.0
1012486,0.0
1008327,0.0
1014927,0.0
1016358,0.0
1004321,0.0
1009489,0.0
1012778,0.0
1007474,0.0
1013121,0.0
1016128,0.0
1009970,0.0
1012507,0.0
1003514,0.0
1008680,0.0
1001048,0.0
1009306,0.0
1002808,0.0
1013767,0.0
1003098,0.0
1015467,0.0
1000732,0.0
1012332,0.0
1016463,0.0
1008306,0.0
1000082,0.0
1016942,0.0
1005131,0.0
1012116,0.0
1001352,0.0
1010888,0.0
1016602,0.0
1004492,0.0
1005418,0.0
1013371,0.0
1015183,0.0
1005090,0.0
1016445,0.0
1011665,0.0
1008838,0.0
1008874,0.0
1012856,0.0
1001188,0.0
1001187,0.0
1008604,0.0
1014429,0.0
1002847,0.0
1001025,0.0
1015817,0.0
1005642,0.0
1006378,0.0
1001069,0.0
1014222,0.0
1016125,0.0
1002759,0.0
1011156,0.0
1011969,0.0
1001545,0.0
1017127,0.0
1002355,0.0
1014169,0.0
1008570,0.0
1004005,0.0
1004894,0.0
1012897,0.0
1003477,0.0
1016230,0.0
1002997,0.0
1009934,0.0
1009074,0.0
1017484,0.0
1008101,0.0
1002220,0.0
1015864,0.0
1014237,0.0
1002982,0.0
1009718,0.0
1009757,0.0
1006687,0.0
1014726,0.0
1002009,0.0
1013798,0.0
1017131,0.0
1007602,0.0
1016980,0.0
1005173,0.0
1016941,0.0
1002924,0.0
1009576,0.0
1002851,0.0
1008706,0.0
1017475,0.0
1004393,0.0
1009382,0.0
1003761,0.0
1010699,0.0
1013530,0.0
1002399,0.0
1015545,0.0
1008940,0.0
1002871,0.0
1006334,0.0
1010723,0.0
1014722,0.0
1004260,0.0
1009453,0.0
1002785,0.0
1010931,0.0
1002958,0.0
1017144,0.0
1006265,0.0
1008271,0.0
1006945,0.0
1008172,0.0
1008449,0.0
1014495,0.0
1011614,0.0
1009895,0.0
1010979,0.0
1008507,0.0
1015957,0.0
1001535,0.0
1003583,0.0
1002687,0.0
1010112,0.0
1015560,0.0
1014494,0.0
1011340,0.0
1000258,0.0
1003971,0.0
1001035,0.0
1010408,0.0
1010056,0.0
1009680,0.0
1014770,0.0
1015729,0.0
1016113,0.0
1006018,0.0
1000288,0.0
1005715,0.0
1001051,0.0
1005120,0.0
1016506,0.0
1015788,0.0
1012567,0.0
1005501,0.0
1015647,0.0
1006683,0.0
1010920,0.0
1008340,0.0
1006967,0.0
1014171,0.0
1012701,0.0
1000794,0.0
1011295,0.0
1006299,0.0
1008185,0.0
1014147,0.0
1005204,0.0
1016261,0.0
1006263,0.0
1015917,0.0
1004785,0.0
1006505,0.0
1011258,0.0
1000552,0.0
1014923,0.0
1007880,0.0
1015400,0.0
1009180,0.0
1013396,0.0
1001661,0.0
1016813,0.0
1012556,0.0
1015223,0.0
1005332,0.0
1004594,0.0
1007812,0.0
1011192,0.0
1001841,0.0
1008180,0.0
1013870,0.0
1013079,0.0
1014975,0.0
1004098,0.0
1008774,0.0
1003191,0.0
1009068,0.0
1005009,0.0
1014303,0.0
1012081,0.0
1012925,0.0
1013875,0.0
1014159,0.0
1008231,0.0
1000863,0.0
1004737,0.0
1000902,0.0
1013830,0.0
1004371,0.0
1017294,0.0
1006380,0.0
1008036,0.0
1004739,0.0
1000942,0.0
1002715,0.0
1011741,0.0
1011496,0.0
1004442,0.0
1007132,0.0
1004358,0.0
1002891,0.0
1013353,0.0
1016443,0.0
1003231,0.0
1004702,0.0
1004229,0.0
1004015,0.0
1010572,0.0
1001996,0.0
1009722,0.0
1006989,0.0
1005792,0.0
1002780,0.0
1005719,0.0
1004866,0.0
1002711,0.0
1016401,0.0
1006179,0.0
1008557,0.0
1008723,0.0
1006642,0.0
1014450,0.0
1008241,0.0
1006578,0.0
1007052,0.0
1010958,0.0
1017573,0.0
1009439,0.0
1016274,0.0
1001137,0.0
1000215,0.0
1012285,0.0
1014276,0.0
1013694,0.0
1009251,0.0
1009481,0.0
1007043,0.0
1012141,0.0
1009059,0.0
1010871,0.0
1010325,0.0
1001892,0.0
1008412,0.0
1008786,0.0
1008526,0.0
1016026,0.0
1002297,0.0
1004564,0.0
1014921,0.0
1009380,0.0
1004882,0.0
1012888,0.0
1000091,0.0
1001235,0.0
1010006,0.0
1015990,0.0
1006666,0.0
1008012,0.0
1008022,0.0
1004670,0.0
1015794,0.0
1007937,0.0
1010420,0.0
1003255,0.0
1005572,0.0
1006587,0.0
1004933,0.0
1015849,0.0
1004704,0.0
1001633,0.0
1005861,0.0
1013674,0.0
1005528,0.0
1004555,0.0
1004559,0.0
1001159,0.0
1000193,0.0
1009611,0.0
1016068,0.0
1014111,0.0
1014140,0.0
1003803,0.0
1000474,0.0
1007635,0.0
1000666,0.0
1016664,0.0
1008787,0.0
1017418,0.0
1007575,0.0
1004543,0.0
1014053,0.0
1007087,0.0
1014764,0.0
1009695,0.0
1011012,0.0
1003139,0.0
1013646,0.0
1002770,0.0
1009494,0.0
1005359,0.0
1006824,0.0
1002202,0.0
1001433,0.0
1005438,0.0
1016060,0.0
1014376,0.0
1016690,0.0
1002392,0.0
1010672,0.0
1015019,0.0
1000460,0.0
1000792,0.0
1000266,0.0
1006859,0.0
1000477,0.0
1005860,0.0
1012946,0.0
1011005,0.0
1002483,0.0
1005505,0.0
1012215,0.0
1008248,0.0
1011694,0.0
1001453,0.0
1015557,0.0
1009299,0.0
1007012,0.0
1016587,0.0
1011931,0.0
1013903,0.0
1009087,0.0
1002034,0.0
1007116,0.0
1016130,0.0
1009212,0.0
1006644,0.0
1011738,0.0
1004363,0.0
1002428,0.0
1001088,0.0
1003238,0.0
1006042,0.0
1003625,0.0
1013363,0.0
1002015,0.0
1006408,0.0
1001411,0.0
1002762,0.0
1003285,0.0
1016938,0.0
1006078,0.0
1016115,0.0
1000882,0.0
1000929,0.0
1002799,0.0
1002815,0.0
1011371,0.0
1016625,0.0
1011574,0.0
1011936,0.0
1013730,0.0
1002143,0.0
1011452,0.0
1009384,0.0
1011071,0.0
1013508,0.0
1003833,0.0
1014611,0.0
1002336,0.0
1000631,0.0
1001374,0.0
1012570,0.0
1003032,0.0
1014027,0.0
1015121,0.0
1010746,0.0
1004907,0.0
1012477,0.0
1009751,0.0
1005212,0.0
1004911,0.0
1001059,0.0
1004650,0.0
1012287,0.0
1003965,0.0
1009684,0.0
1006603,0.0
1003574,0.0
1012086,0.0
1009892,0.0
1001697,0.0
1012929,0.0
1006823,0.0
1002419,0.0
1009266,0.0
1003575,0.0
1013746,0.0
1015919,0.0
1011481,0.0
1006726,0.0
1010531,0.0
1000604,0.0
1000601,0.0
1017020,0.0
1003117,0.0
1010985,0.0
1013934,0.0
1000140,0.0
1010207,0.0
1013666,0.0
1013972,0.0
1004121,0.0
1002456,0.0
1003292,0.0
1004387,0.0
1008853,0.0
1004437,0.0
1002272,0.0
1016387,0.0
1000596,0.0
1010329,0.0
1010762,0.0
1003762,0.0
1011825,0.0
1015429,0.0
1005408,0.0
1014570,0.0
1005024,0.0
1006597,0.0
1017510,0.0
1015370,0.0
1014556,0.0
1010108,0.0
1006184,0.0
1002171,0.0
1005064,0.0
1017434,0.0
1004351,0.0
1000510,0.0
1003834,0.0
1016859,0.0
1012323,0.0
1003383,0.0
1012009,0.0
1000039,0.0
1009764,0.0
1006987,0.0
1009598,0.0
1017394,0.0
1009333,0.0
1009865,0.0
1014258,0.0
1017356,0.0
1012182,0.0
1005691,0.0
1003976,0.0
1006971,0.0
1001128,0.0
1012895,0.0
1007070,0.0
1016837,0.0
1010190,0.0
1004815,0.0
1010916,0.0
1011136,0.0
1007306,0.0
1009341,0.0
1004204,0.0
1006894,0.0
1008985,0.0
1013456,0.0
1002179,0.0
1012926,0.0
1001245,0.0
1012842,0.0
1006940,0.0
1005827,0.0
1016849,0.0
1003931,0.0
1002543,0.0
1016933,0.0
1012346,0.0
1001439,0.0
1008593,0.0
1010352,0.0
1009007,0.0
1010663,0.0
1014236,0.0
1012447,0.0
1002393,0.0
1013817,0.0
1012169,0.0
1013462,0.0
1000318,0.0
1008603,0.0
1016279,0.0
1000496,0.0
1001421,0.0
1008833,0.0
1013397,0.0
1008069,0.0
1013274,0.0
1012371,0.0
1014573,0.0
1006458,0.0
1004065,0.0
1000392,0.0
1007965,0.0
1003649,0.0
1001330,0.0
1013356,0.0
1017140,0.0
1008806,0.0
1009965,0.0
1012111,0.0
1000191,0.0
1017110,0.0
1002113,0.0
1000663,0.0
1006094,0.0
1013277,0.0
1012935,0.0
1006120,0.0
1016601,0.0
1008890,0.0
1005972,0.0
1008897,0.0
1015337,0.0
1002408,0.0
1010815,0.0
1006969,0.0
1015480,0.0
1002966,0.0
1000451,0.0
1013268,0.0
1001214,0.0
1004267,0.0
1006851,0.0
1014190,0.0
1001390,0.0
1008384,0.0
1000633,0.0
1000058,0.0
1015540,0.0
1001328,0.0
1010098,0.0
1013453,0.0
1014050,0.0
1004898,0.0
1009643,0.0
1000408,0.0
1012606,0.0
1001322,0.0
1011370,0.0
1014252,0.0
1003688,0.0
1002676,0.0
1010786,0.0
1003204,0.0
1012586,0.0
1016307,0.0
1001013,0.0
1007174,0.0
1013661,0.0
1009878,0.0
1001273,0.0
1000141,0.0
1002717,0.0
1013588,0.0
1016843,0.0
1007911,0.0
1003453,0.0
1004400,0.0
1015056,0.0
1003245,0.0
1012157,0.0
1015068,0.0
1000202,0.0
1013828,0.0
1005079,0.0
1005602,0.0
1011057,0.0
1016785,0.0
1014405,0.0
1003610,0.0
1001744,0.0
1015441,0.0
1005750,0.0
1005579,0.0
1004075,0.0
1012705,0.0
1008980,0.0
1008628,0.0
1010183,0.0
1006947,0.0
1000475,0.0
1006019,0.0
1004355,0.0
1011207,0.0
1006293,0.0
1000964,0.0
1009648,0.0
1005363,0.0
1010842,0.0
1016658,0.0
1008418,0.0
1003880,0.0
1016024,0.0
1011525,0.0
1005833,0.0
1003391,0.0
1000815,0.0
1007898,0.0
1015070,0.0
1002654,0.0
1015925,0.0
1006609,0.0
1011752,0.0
1015883,0.0
1013113,0.0
1006382,0.0
1012811,0.0
1006360,0.0
1005440,0.0
1005112,0.0
1008627,0.0
1009955,0.0
1000682,0.0
1008504,0.0
1005890,0.0
1009781,0.0
1007261,0.0
1014321,0.0
1017245,0.0
1005357,0.0
1016373,0.0
1008525,0.0
1016979,0.0
1017102,0.0
1010922,0.0
1014904,0.0
1001274,0.0
1013738,0.0
1000038,0.0
1008641,0.0
1001133,0.0
1011205,0.0
1013969,0.0
1008818,0.0
1014654,0.0
1015153,0.0
1008417,0.0
1006362,0.0
1014549,0.0
1017366,0.0
1000132,0.0
1006675,0.0
1009656,0.0
1002733,0.0
1003695,0.0
1002791,0.0
1008900,0.0
1004201,0.0
1003050,0.0
1007896,0.0
1013900,0.0
1006447,0.0
1017063,0.0
1001222,0.0
1014305,0.0
1009329,0.0
1008278,0.0
1011775,0.0
1003589,0.0
1003818,0.0
1007458,0.0
1006670,0.0
1007257,0.0
1007765,0.0
1006289,0.0
1011895,0.0
1012145,0.0
1012364,0.0
1010114,0.0
1015374,0.0
1001102,0.0
1012481,0.0
1016017,0.0
1008656,0.0
1002594,0.0
1007395,0.0
1008116,0.0
1013316,0.0
1005157,0.0
1005276,0.0
1017602,0.0
1013927,0.0
1002391,0.0
1016586,0.0
1014627,0.0
1013475,0.0
1008908,0.0
1013153,0.0
1012485,0.0
1011808,0.0
1006617,0.0
1001742,0.0
1004209,0.0
1002453,0.0
1014157,0.0
1001793,0.0
1013238,0.0
1010326,0.0
1016597,0.0
1009287,0.0
1006390,0.0
1002072,0.0
1001524,0.0
1000233,0.0
1010899,0.0
1013066,0.0
1013684,0.0
1017103,0.0
1013993,0.0
1017192,0.0
1002813,0.0
1000445,0.0
1015764,0.0
1007031,0.0
1004101,0.0
1015724,0.0
1014745,0.0
1012666,0.0
1011529,0.0
1015943,0.0
1006729,0.0
1007472,0.0
1005062,0.0
1005683,0.0
1005013,0.0
1001138,0.0
1014851,0.0
1014629,0.0
1017221,0.0
1006855,0.0
1003676,0.0
1006141,0.0
1015954,0.0
1012502,0.0
1000249,0.0
1011524,0.0
1012574,0.0
1014057,0.0
1008023,0.0
1002096,0.0
1005002,0.0
1014938,0.0
1012130,0.0
1010665,0.0
1007405,0.0
1000561,0.0
1013783,0.0
1009383,0.0
1010164,0.0
1014893,0.0
1016133,0.0
1007166,0.0
1001884,0.0
1015959,0.0
1009375,0.0
1002832,0.0
1014833,0.0
1008111,0.0
1009888,0.0
1002534,0.0
1014799,0.0
1006333,0.0
1005392,0.0
1009293,0.0
1011335,0.0
1009448,0.0
1013329,0.0
1014242,0.0
1015288,0.0
1016688,0.0
1015159,0.0
1002063,0.0
1005978,0.0
1002578,0.0
1013144,0.0
1006632,0.0
1015589,0.0
1003547,0.0
1008052,0.0
1007858,0.0
1001972,0.0
1005317,0.0
1008346,0.0
1005732,0.0
1003302,0.0
1015436,0.0
1008986,0.0
1009941,0.0
1006798,0.0
1011257,0.0
1006160,0.0
1013514,0.0
1015096,0.0
1003344,0.0
1016309,0.0
1014439,0.0
1003968,0.0
1016392,0.0
1010554,0.0
1000985,0.0
1016657,0.0
1008075,0.0
1007342,0.0
1012919,0.0
1002311,0.0
1007839,0.0
1004339,0.0
1008712,0.0
1016881,0.0
1010848,0.0
1012731,0.0
1006191,0.0
1001565,0.0
1005800,0.0
1010969,0.0
1002471,0.0
1005087,0.0
1001611,0.0
1010585,0.0
1000903,0.0
1016871,0.0
1009103,0.0
1001014,0.0
1009599,0.0
1001327,0.0
1013470,0.0
1007518,0.0
1000625,0.0
1011169,0.0
1006831,0.0
1004131,0.0
1005544,0.0
1011843,0.0
1010897,0.0
1005329,0.0
1012273,0.0
1006251,0.0
1015575,0.0
1006640,0.0
1011988,0.0
1000506,0.0
1004462,0.0
1001109,0.0
1012843,0.0
1007894,0.0
1012017,0.0
1008347,0.0
1016606,0.0
1009071,0.0
1004835,0.0
1012757,0.0
1007319,0.0
1012101,0.0
1001488,0.0
1008626,0.0
1000165,0.0
1009966,0.0
1003524,0.0
1001693,0.0
1016457,0.0
1010347,0.0
1006260,0.0
1014907,0.0
1009392,0.0
1006993,0.0
1010734,0.0
1008285,0.0
1005458,0.0
1001483,0.0
1011531,0.0
1016384,0.0
1004937,0.0
1005221,0.0
1006604,0.0
1000969,0.0
1012755,0.0
1013175,0.0
1003462,0.0
1003599,0.0
1015821,0.0
1016158,0.0
1002742,0.0
1016123,0.0
1004724,0.0
1009519,0.0
1016499,0.0
1012231,0.0
1005785,0.0
1014845,0.0
1000077,0.0
1013341,0.0
1001003,0.0
1000810,0.0
1016566,0.0
1001695,0.0
1007508,0.0
1005037,0.0
1006255,0.0
1003452,0.0
1012529,0.0
1015646,0.0
1011457,0.0
1008832,0.0
1003819,0.0
1001454,0.0
1009805,0.0
1010283,0.0
1007284,0.0
1005725,0.0
1002318,0.0
1010991,0.0
1008356,0.0
1002314,0.0
1002413,0.0
1017537,0.0
1015694,0.0
1013850,0.0
1003059,0.0
1010999,0.0
1004438,0.0
1009675,0.0
1012583,0.0
1010319,0.0
1017273,0.0
1008296,0.0
1008372,0.0
1004830,0.0
1012523,0.0
1005048,0.0
1007722,0.0
1016906,0.0
1013101,0.0
1008729,0.0
1013193,0.0
1013809,0.0
1001373,0.0
1006693,0.0
1012565,0.0
1016145,0.0
1000146,0.0
1007982,0.0
1008738,0.0
1010574,0.0
1014143,0.0
1006555,0.0
1011725,0.0
1009406,0.0
1009367,0.0
1005459,0.0
1017288,0.0
1002873,0.0
1005466,0.0
1006496,0.0
1015144,0.0
1008614,0.0
1010816,0.0
1003750,0.0
1006347,0.0
1004507,0.0
1011000,0.0
1009709,0.0
1014320,0.0
1005364,0.0
1012657,0.0
1011355,0.0
1004961,0.0
1010771,0.0
1001778,0.0
1015295,0.0
1013304,0.0
1005413,0.0
1016679,0.0
1003551,0.0
1009482,0.0
1000270,0.0
1008055,0.0
1009999,0.0
1010310,0.0
1014712,0.0
1012782,0.0
1010054,0.0
1004089,0.0
1015940,0.0
1000021,0.0
1007978,0.0
1005961,0.0
1008804,0.0
1014909,0.0
1008195,0.0
1013614,0.0
1007917,0.0
1012881,0.0
1010269,0.0
1016241,0.0
1011400,0.0
1014322,0.0
1001178,0.0
1010775,0.0
1006475,0.0
1006314,0.0
1012904,0.0
1017252,0.0
1012603,0.0
1005944,0.0
1013073,0.0
1015898,0.0
1012250,0.0
1015338,0.0
1003510,0.0
1008355,0.0
1012032,0.0
1014456,0.0
1003572,0.0
1008202,0.0
1000373,0.0
1016408,0.0
1011267,0.0
1014225,0.0
1007155,0.0
1001556,0.0
1005036,0.0
1008038,0.0
1010346,0.0
1004722,0.0
1006386,0.0
1008010,0.0
1015844,0.0
1007702,0.0
1017396,0.0
1016910,0.0
1013885,0.0
1016266,0.0
1004518,0.0
1011491,0.0
1003944,0.0
1013017,0.0
1001857,0.0
1016892,0.0
1003070,0.0
1001520,0.0
1001321,0.0
1007072,0.0
1000264,0.0
1015671,0.0
1015770,0.0
1014139,0.0
1001306,0.0
1010685,0.0
1008861,0.0
1003850,0.0
1009824,0.0
1007688,0.0
1015863,0.0
1006770,0.0
1013352,0.0
1000618,0.0
1014959,0.0
1002535,0.0
1012948,0.0
1000124,0.0
1005693,0.0
1008966,0.0
1008037,0.0
1001732,0.0
1011459,0.0
1015624,0.0
1013219,0.0
1008408,0.0
1015114,0.0
1004211,0.0
1006441,0.0
1004700,0.0
1016526,0.0
1010935,0.0
1006523,0.0
1008822,0.0
1003349,0.0
1012952,0.0
1016237,0.0
1013447,0.0
1013289,0.0
1013496,0.0
1011985,0.0
1008805,0.0
1014673,0.0
1010563,0.0
1013282,0.0
1004928,0.0
1015524,0.0
1012569,0.0
1017454,0.0
1007017,0.0
1010028,0.0
1000690,0.0
1015489,0.0
1006409,0.0
1001360,0.0
1013874,0.0
1008106,0.0
1016867,0.0
1016461,0.0
1011605,0.0
1009226,0.0
1005815,0.0
1013119,0.0
1011492,0.0
1010252,0.0
1000400,0.0
1012451,0.0
1014324,0.0
1007369,0.0
1001848,0.0
1003587,0.0
1016876,0.0
1010353,0.0
1012097,0.0
1012208,0.0
1011135,0.0
1002327,0.0
1016280,0.0
1007298,0.0
1015546,0.0
1009219,0.0
1005954,0.0
1000419,0.0
1010432,0.0
1017133,0.0
1012299,0.0
1000567,0.0
1003955,0.0
1004426,0.0
1015612,0.0
1017114,0.0
1005761,0.0
1013760,0.0
1010720,0.0
1016208,0.0
1001710,0.0
1005126,0.0
1002619,0.0
1000779,0.0
1015564,0.0
1002613,0.0
1013563,0.0
1010286,0.0
1010180,0.0
1006992,0.0
1013564,0.0
1014228,0.0
1014219,0.0
1006585,0.0
1014492,0.0
1008522,0.0
1008752,0.0
1005916,0.0
1006629,0.0
1015685,0.0
1003206,0.0
1013597,0.0
1001992,0.0
1010043,0.0
1013343,0.0
1000087,0.0
1008358,0.0
1012383,0.0
1000533,0.0
1001546,0.0
1006462,0.0
1016132,0.0
1004850,0.0
1007598,0.0
1016593,0.0
1009271,0.0
1006913,0.0
1017369,0.0
1000695,0.0
1010383,0.0
1013337,0.0
1009671,0.0
1004415,0.0
1005278,0.0
1010695,0.0
1000017,0.0
1003664,0.0
1009571,0.0
1005581,0.0
1001009,0.0
1016708,0.0
1013833,0.0
1017502,0.0
1001479,0.0
1000712,0.0
1015143,0.0
1004372,0.0
1006958,0.0
1001536,0.0
1015842,0.0
1002805,0.0
1017449,0.0
1005530,0.0
1006880,0.0
1005039,0.0
1004074,0.0
1003956,0.0
1011707,0.0
1011593,0.0
1011601,0.0
1005632,0.0
1003199,0.0
1005305,0.0
1012698,0.0
1005808,0.0
1011771,0.0
1005407,0.0
1004738,0.0
1004826,0.0
1002186,0.0
1005365,0.0
1000951,0.0
1009700,0.0
1004776,0.0
1013844,0.0
1000588,0.0
1000819,0.0
1002590,0.0
1003918,0.0
1011060,0.0
1015226,0.0
1000151,0.0
1008982,0.0
1012015,0.0
1010837,0.0
1017422,0.0
1004878,0.0
1001722,0.0
1003536,0.0
1005681,0.0
1015082,0.0
1009149,0.0
1015582,0.0
1003116,0.0
1016438,0.0
1000746,0.0
1005923,0.0
1002979,0.0
1006174,0.0
1014454,0.0
1011089,0.0
1013400,0.0
1014115,0.0
1014052,0.0
1007041,0.0
1016039,0.0
1007099,0.0
1002221,0.0
1000836,0.0
1017005,0.0
1015594,0.0
1004171,0.0
1015319,0.0
1007617,0.0
1017106,0.0
1004498,0.0
1011307,0.0
1016944,0.0
1011739,0.0
1002093,0.0
1000546,0.0
1012936,0.0
1008709,0.0
1011595,0.0
1010567,0.0
1006841,0.0
1002781,0.0
1008204,0.0
1014087,0.0
1007971,0.0
1007556,0.0
1014980,0.0
1004198,0.0
1002921,0.0
1003498,0.0
1015105,0.0
1002062,0.0
1013812,0.0
1016569,0.0
1006241,0.0
1013910,0.0
1014517,0.0
1003107,0.0
1017325,0.0
1014455,0.0
1009038,0.0
1008373,0.0
1006669,0.0
1010933,0.0
1001208,0.0
1004491,0.0
1011578,0.0
1005598,0.0
1005596,0.0
1014691,0.0
1004018,0.0
1013468,0.0
1009012,0.0
1008192,0.0
1013982,0.0
1005892,0.0
1009940,0.0
1004563,0.0
1006840,0.0
1006223,0.0
1012492,0.0
1011534,0.0
1009202,0.0
1001967,0.0
1007118,0.0
1003537,0.0
1001887,0.0
1005816,0.0
1003148,0.0
1011609,0.0
1013072,0.0
1016400,0.0
1015833,0.0
1015678,0.0
1017522,0.0
1010898,0.0
1015899,0.0
1015590,0.0
1004885,0.0
1016434,0.0
1015128,0.0
1007081,0.0
1014993,0.0
1000289,0.0
1002955,0.0
1011598,0.0
1017060,0.0
1011643,0.0
1008064,0.0
1006540,0.0
1013512,0.0
1011586,0.0
1007864,0.0
1012227,0.0
1007625,0.0
1009355,0.0
1011293,0.0
1014433,0.0
1000499,0.0
1014010,0.0
1016981,0.0
1004009,0.0
1000587,0.0
1017125,0.0
1016065,0.0
1013114,0.0
1007728,0.0
1010351,0.0
1008717,0.0
1008995,0.0
1001450,0.0
1006939,0.0
1002347,0.0
1010228,0.0
1004867,0.0
1001675,0.0
1008988,0.0
1014554,0.0
1016314,0.0
1009820,0.0
1015609,0.0
1016896,0.0
1003057,0.0
1000639,0.0
1003172,0.0
1016560,0.0
1008514,0.0
1005876,0.0
1003210,0.0
1006878,0.0
1002107,0.0
1007313,0.0
1012026,0.0
1006202,0.0
1005429,0.0
1008727,0.0
1011362,0.0
1010670,0.0
1006053,0.0
1015789,0.0
1006236,0.0
1016600,0.0
1016394,0.0
1012770,0.0
1005780,0.0
1010196,0.0
1015386,0.0
1009030,0.0
1006328,0.0
1015142,0.0
1015866,0.0
1005635,0.0
1007848,0.0
1013480,0.0
1010232,0.0
1002800,0.0
1007819,0.0
1005114,0.0
1000574,0.0
1014877,0.0
1004364,0.0
1012057,0.0
1010464,0.0
1001504,0.0
1002870,0.0
1015587,0.0
1008809,0.0
1001200,0.0
1017278,0.0
1010405,0.0
1006069,0.0
1002267,0.0
1001196,0.0
1015202,0.0
1004513,0.0
1009228,0.0
1003638,0.0
1004480,0.0
1014850,0.0
1008240,0.0
1015269,0.0
1008302,0.0
1002549,0.0
1008549,0.0
1009848,0.0
1002353,0.0
1010129,0.0
1000216,0.0
1017474,0.0
1000705,0.0
1003118,0.0
1013542,0.0
1016865,0.0
1002540,0.0
1008420,0.0
1015668,0.0
1015944,0.0
1000960,0.0
1002000,0.0
1001784,0.0
1016595,0.0
1017407,0.0
1010371,0.0
1009061,0.0
1000175,0.0
1004173,0.0
1014072,0.0
1010278,0.0
1006146,0.0
1006721,0.0
1010142,0.0
1007259,0.0
1004290,0.0
1015640,0.0
1016767,0.0
1005823,0.0
1009347,0.0
1016150,0.0
1017379,0.0
1016759,0.0
1006664,0.0
1005184,0.0
1014162,0.0
1015302,0.0
1012734,0.0
1007159,0.0
1001716,0.0
1014839,0.0
1014224,0.0
1001768,0.0
1003742,0.0
1000227,0.0
1005493,0.0
1012985,0.0
1008612,0.0
1006187,0.0
1007302,0.0
1007899,0.0
1016510,0.0
1004691,0.0
1009893,0.0
1012138,0.0
1001981,0.0
1008782,0.0
1007679,0.0
1012348,0.0
1003960,0.0
1003888,0.0
1013485,0.0
1008816,0.0
1011537,0.0
1008876,0.0
1004790,0.0
1015347,0.0
1007578,0.0
1002659,0.0
1009041,0.0
1004150,0.0
1003675,0.0
1000136,0.0
1014848,0.0
1001918,0.0
1002406,0.0
1000012,0.0
1006418,0.0
1005790,0.0
1012912,0.0
1006545,0.0
1009726,0.0
1010918,0.0
1002577,0.0
1010304,0.0
1012223,0.0
1003623,0.0
1013626,0.0
1003647,0.0
1006876,0.0
1015989,0.0
1000495,0.0
1007645,0.0
1009286,0.0
1003809,0.0
1002556,0.0
1000605,0.0
1016057,0.0
1010834,0.0
1011779,0.0
1002359,0.0
1006789,0.0
1001062,0.0
1004138,0.0
1002585,0.0
1015631,0.0
1000478,0.0
1013577,0.0
1010493,0.0
1010777,0.0
1010466,0.0
1012464,0.0
1004111,0.0
1000620,0.0
1014754,0.0
1013432,0.0
1013689,0.0
1015561,0.0
1008409,0.0
1012355,0.0
1001485,0.0
1001046,0.0
1002156,0.0
1011902,0.0
1000161,0.0
1007380,0.0
1004469,0.0
1016934,0.0
1012450,0.0
1008029,0.0
1013550,0.0
1014715,0.0
1006988,0.0
1007194,0.0
1014317,0.0
1017059,0.0
1005534,0.0
1004135,0.0
1013989,0.0
1000700,0.0
1012959,0.0
1002110,0.0
1010885,0.0
1008701,0.0
1009183,0.0
1004718,0.0
1016038,0.0
1008067,0.0
1017400,0.0
1008193,0.0
1006481,0.0
1010804,0.0
1014636,0.0
1007692,0.0
1000943,0.0
1013984,0.0
1005232,0.0
1002977,0.0
1016138,0.0
1009144,0.0
1011197,0.0
1002692,0.0
1016562,0.0
1015712,0.0
1012766,0.0
1013578,0.0
1014096,0.0
1003726,0.0
1001316,0.0
1013251,0.0
1012368,0.0
1017303,0.0
1013384,0.0
1008026,0.0
1003810,0.0
1000072,0.0
1012572,0.0
1013176,0.0
1009644,0.0
1012093,0.0
1002146,0.0
1015119,0.0
1006828,0.0
1017569,0.0
1006932,0.0
1005686,0.0
1002846,0.0
1012066,0.0
1002917,0.0
1015985,0.0
1003369,0.0
1017532,0.0
1007481,0.0
1009910,0.0
1016048,0.0
1000385,0.0
1004662,0.0
1003654,0.0
1008044,0.0
1013281,0.0
1001939,0.0
1010710,0.0
1012602,0.0
1012315,0.0
1015692,0.0
1010631,0.0
1007799,0.0
1011379,0.0
1004093,0.0
1016160,0.0
1013012,0.0
1017171,0.0
1012139,0.0
1017206,0.0
1002625,0.0
1004165,0.0
1005810,0.0
1014932,0.0
1007235,0.0
1013411,0.0
1003954,0.0
1016008,0.0
1011770,0.0
1004484,0.0
1008313,0.0
1005430,0.0
1007683,0.0
1014297,0.0
1003265,0.0
1017210,0.0
1013385,0.0
1004298,0.0
1013560,0.0
1011106,0.0
1011391,0.0
1000173,0.0
1012270,0.0
1013063,0.0
1003858,0.0
1008975,0.0
1002558,0.0
1010683,0.0
1006285,0.0
1000195,0.0
1008829,0.0
1017098,0.0
1009039,0.0
1000534,0.0
1015468,0.0
1005713,0.0
1010275,0.0
1000083,0.0
1007624,0.0
1015654,0.0
1016243,0.0
1012700,0.0
1014489,0.0
1013739,0.0
1008946,0.0
1010518,0.0
1016914,0.0
1002551,0.0
1010441,0.0
1012736,0.0
1001993,0.0
1005840,0.0
1016565,0.0
1005124,0.0
1015672,0.0
1009313,0.0
1011226,0.0
1014193,0.0
1012156,0.0
1004493,0.0
1001533,0.0
1016504,0.0
1002396,0.0
1010613,0.0
1003627,0.0
1006204,0.0
1011151,0.0
1013325,0.0
1011414,0.0
1002595,0.0
1003046,0.0
1007621,0.0
1015710,0.0
1017023,0.0
1007597,0.0
1013439,0.0
1006452,0.0
1007914,0.0
1003416,0.0
1016854,0.0
1015287,0.0
1000931,0.0
1017425,0.0
1010297,0.0
1010508,0.0
1006698,0.0
1004323,0.0
1007867,0.0
1011460,0.0
1010137,0.0
1016894,0.0
1016339,0.0
1015983,0.0
1017368,0.0
1000431,0.0
1016371,0.0
1012286,0.0
1004780,0.0
1009938,0.0
1007882,0.0
1004216,0.0
1012747,0.0
1003261,0.0
1012692,0.0
1008647,0.0
1015327,0.0
1006708,0.0
1000559,0.0
1014681,0.0
1000364,0.0
1014912,0.0
1015427,0.0
1004939,0.0
1011852,0.0
1001521,0.0
1013877,0.0
1004406,0.0
1013574,0.0
1016470,0.0
1017381,0.0
1013899,0.0
1001155,0.0
1004963,0.0
1004096,0.0
1016134,0.0
1004423,0.0
1017274,0.0
1008352,0.0
1013890,0.0
1016214,0.0
1012813,0.0
1013085,0.0
1003567,0.0
1008260,0.0
1002418,0.0
1001190,0.0
1008795,0.0
1016936,0.0
1013796,0.0
1010915,0.0
1014100,0.0
1000569,0.0
1011018,0.0
1013686,0.0
1010151,0.0
1006148,0.0
1014255,0.0
1015026,0.0
1002666,0.0
1004405,0.0
1000111,0.0
1004497,0.0
1004369,0.0
1005238,0.0
1012815,0.0
1008569,0.0
1000781,0.0
1004792,0.0
1004296,0.0
1015227,0.0
1004327,0.0
1001476,0.0
1006331,0.0
1001480,0.0
1014793,0.0
1006771,0.0
1015629,0.0
1011782,0.0
1005248,0.0
1009085,0.0
1007983,0.0
1011580,0.0
1009097,0.0
1012016,0.0
1007761,0.0
1009264,0.0
1007101,0.0
1000425,0.0
1016290,0.0
1004624,0.0
1010950,0.0
1011138,0.0
1014655,0.0
1004634,0.0
1015656,0.0
1013735,0.0
1003945,0.0
1002417,0.0
1016723,0.0
1008621,0.0
1012436,0.0
1003467,0.0
1003715,0.0
1003168,0.0
1001100,0.0
1003291,0.0
1002911,0.0
1008222,0.0
1000991,0.0
1003870,0.0
1010188,0.0
1010216,0.0
1002014,0.0
1015011,0.0
1008673,0.0
1002144,0.0
1017601,0.0
1015930,0.0
1015196,0.0
1009552,0.0
1012211,0.0
1001305,0.0
1006525,0.0
1014766,0.0
1000187,0.0
1003297,0.0
1011453,0.0
1006893,0.0
1009054,0.0
1009381,0.0
1009014,0.0
1001347,0.0
1010312,0.0
1003253,0.0
1012831,0.0
1004569,0.0
1013410,0.0
1000171,0.0
1001734,0.0
1006946,0.0
1009078,0.0
1009309,0.0
1005431,0.0
1013302,0.0
1009769,0.0
1007651,0.0
1004043,0.0
1013041,0.0
1016576,0.0
1000661,0.0
1012775,0.0
1002512,0.0
1002114,0.0
1012924,0.0
1009244,0.0
1004579,0.0
1002289,0.0
1006513,0.0
1014680,0.0
1004869,0.0
1015075,0.0
1007402,0.0
1014964,0.0
1001559,0.0
1003347,0.0
1000770,0.0
1009241,0.0
1016483,0.0
1003455,0.0
1005344,0.0
1009079,0.0
1001702,0.0
1010171,0.0
1002192,0.0
1001644,0.0
1003815,0.0
1013419,0.0
1006768,0.0
1013242,0.0
1006072,0.0
1015879,0.0
1003371,0.0
1002552,0.0
1016538,0.0
1008679,0.0
1010502,0.0
1016528,0.0
1007739,0.0
1002237,0.0
1002703,0.0
1003841,0.0
1008183,0.0
1013369,0.0
1002948,0.0
1015636,0.0
1014001,0.0
1016966,0.0
1008160,0.0
1012235,0.0
1016157,0.0
1010689,0.0
1003740,0.0
1010308,0.0
1007343,0.0
1012795,0.0
1003877,0.0
1015272,0.0
1013234,0.0
1000843,0.0
1000872,0.0
1012360,0.0
1010525,0.0
1000990,0.0
1017222,0.0
1010015,0.0
1009515,0.0
1013028,0.0
1013657,0.0
1007387,0.0
1010545,0.0
1003844,0.0
1011144,0.0
1001743,0.0
1006097,0.0
1011911,0.0
1008827,0.0
1002051,0.0
1001889,0.0
1012337,0.0
1006233,0.0
1004991,0.0
1003616,0.0
1002914,0.0
1002642,0.0
1004320,0.0
1012966,0.0
1000505,0.0
1001060,0.0
1011045,0.0
1011187,0.0
1001180,0.0
1003429,0.0
1001329,0.0
1004607,0.0
1011651,0.0
1006531,0.0
1008545,0.0
1012424,0.0
1008307,0.0
1014872,0.0
1002920,0.0
1015496,0.0
1008929,0.0
1007330,0.0
1010177,0.0
1016524,0.0
1015755,0.0
1014937,0.0
1016337,0.0
1014795,0.0
1007690,0.0
1008487,0.0
1016967,0.0
1003907,0.0
1002632,0.0
1014367,0.0
1000672,0.0
1003501,0.0
1015920,0.0
1001458,0.0
1015422,0.0
1017468,0.0
1017466,0.0
1000449,0.0
1012593,0.0
1014259,0.0
1014782,0.0
1005559,0.0
1004571,0.0
1006553,0.0
1005657,0.0
1014343,0.0
1014989,0.0
1004640,0.0
1017605,0.0
1006552,0.0
1015902,0.0
1001298,0.0
1006925,0.0
1002166,0.0
1016341,0.0
1005096,0.0
1002140,0.0
1016631,0.0
1015257,0.0
1002883,0.0
1014298,0.0
1000182,0.0
1000219,0.0
1009020,0.0
1002090,0.0
1001243,0.0
1013184,0.0
1007393,0.0
1012854,0.0
1016282,0.0
1014067,0.0
1000309,0.0
1000825,0.0
1017452,0.0
1000442,0.0
1007477,0.0
1012973,0.0
1011753,0.0
1013246,0.0
1014730,0.0
1016317,0.0
1005884,0.0
1005000,0.0
1002712,0.0
1012293,0.0
1009146,0.0
1012241,0.0
1006149,0.0
1015485,0.0
1006517,0.0
1006623,0.0
1004076,0.0
1005798,0.0
1001916,0.0
1005777,0.0
1014023,0.0
1017057,0.0
1007039,0.0
1012975,0.0
1007068,0.0
1008998,0.0
1012014,0.0
1017077,0.0
1013134,0.0
1009979,0.0
1015383,0.0
1014899,0.0
1010768,0.0
1013222,0.0
1011533,0.0
1006773,0.0
1000315,0.0
1012794,0.0
1002187,0.0
1006560,0.0
1002260,0.0
1002174,0.0
1014060,0.0
1017195,0.0
1016953,0.0
1003867,0.0
1016382,0.0
1015583,0.0
1008936,0.0
1012277,0.0
1010333,0.0
1005309,0.0
1012695,0.0
1013236,0.0
1013535,0.0
1003377,0.0
1014039,0.0
1000103,0.0
1009540,0.0
1007632,0.0
1006500,0.0
1013985,0.0
1016929,0.0
1017535,0.0
1006709,0.0
1012339,0.0
1010082,0.0
1007220,0.0
1001065,0.0
1015035,0.0
1012352,0.0
1016027,0.0
1008447,0.0
1010458,0.0
1002245,0.0
1014990,0.0
1009957,0.0
1004730,0.0
1006435,0.0
1011682,0.0
1003933,0.0
1009988,0.0
1011819,0.0
1006320,0.0
1008175,0.0
1002587,0.0
1001830,0.0
1016189,0.0
1000325,0.0
1015408,0.0
1009845,0.0
1010003,0.0
1017399,0.0
1009707,0.0
1013207,0.0
1001475,0.0
1016092,0.0
1013323,0.0
1013226,0.0
1015256,0.0
1016253,0.0
1015311,0.0
1000222,0.0
1005142,0.0
1014086,0.0
1010535,0.0
1014983,0.0
1005993,0.0
1012837,0.0
1005927,0.0
1007643,0.0
1000881,0.0
1008194,0.0
1001751,0.0
1015089,0.0
1001862,0.0
1015703,0.0
1012404,0.0
1010096,0.0
1003392,0.0
1014936,0.0
1001776,0.0
1008808,0.0
1007290,0.0
1002560,0.0
1002147,0.0
1011848,0.0
1009929,0.0
1014853,0.0
1002934,0.0
1003426,0.0
1002746,0.0
1012340,0.0
1000371,0.0
1008362,0.0
1007646,0.0
1012551,0.0
1014583,0.0
1006350,0.0
1017176,0.0
1006589,0.0
1005576,0.0
1015249,0.0
1010947,0.0
1002294,0.0
1013188,0.0
1001906,0.0
1017393,0.0
1014950,0.0
1004072,0.0
1005453,0.0
1014613,0.0
1015181,0.0
1009400,0.0
1008203,0.0
1006935,0.0
1001114,0.0
1013685,0.0
1006684,0.0
1012732,0.0
1011899,0.0
1015721,0.0
1000255,0.0
1010989,0.0
1014970,0.0
1016750,0.0
1009323,0.0
1005973,0.0
1011930,0.0
1000852,0.0
1016437,0.0
1012806,0.0
1002909,0.0
1006368,0.0
1008288,0.0
1007720,0.0
1010731,0.0
1003513,0.0
1004845,0.0
1007984,0.0
1014855,0.0
1008326,0.0
1000004,0.0
1003544,0.0
1015360,0.0
1007127,0.0
1004304,0.0
1012324,0.0
1009803,0.0
1006618,0.0
1014436,0.0
1002601,0.0
1014645,0.0
1001186,0.0
1017120,0.0
1007579,0.0
1001121,0.0
1013612,0.0
1001312,0.0
1009856,0.0
1014669,0.0
1012239,0.0
1006476,0.0
1001024,0.0
1001194,0.0
1009005,0.0
1000816,0.0
1002290,0.0
1005170,0.0
1004140,0.0
1012409,0.0
1008613,0.0
1000997,0.0
1014753,0.0
1010378,0.0
1011420,0.0
1002940,0.0
1015738,0.0
1014841,0.0
1002177,0.0
1009334,0.0
1015740,0.0
1000432,0.0
1011083,0.0
1016182,0.0
1014488,0.0
1004189,0.0
1002582,0.0
1005014,0.0
1008164,0.0
1005901,0.0
1004675,0.0
1016135,0.0
1008965,0.0
1008049,0.0
1009171,0.0
1005784,0.0
1001975,0.0
1009908,0.0
1014834,0.0
1009362,0.0
1006595,0.0
1005703,0.0
1008639,0.0
1004753,0.0
1012335,0.0
1008472,0.0
1015759,0.0
1009882,0.0
1016093,0.0
1003160,0.0
1013441,0.0
1010882,0.0
1010954,0.0
1010016,0.0
1007205,0.0
1001006,0.0
1013124,0.0
1007170,0.0
1003646,0.0
1011730,0.0
1003691,0.0
1000597,0.0
1003177,0.0
1009435,0.0
1012659,0.0
1006311,0.0
1003869,0.0
1015013,0.0
1009670,0.0
1002834,0.0
1012073,0.0
1007209,0.0
1000784,0.0
1003824,0.0
1004487,0.0
1001217,0.0
1005718,0.0
1001844,0.0
1017190,0.0
1014749,0.0
1005889,0.0
1014184,0.0
1010620,0.0
1017234,0.0
1006064,0.0
1010240,0.0
1012521,0.0
1016923,0.0
1009777,0.0
1005001,0.0
1013964,0.0
1004419,0.0
1008541,0.0
1015209,0.0
1003592,0.0
1011989,0.0
1006384,0.0
1014805,0.0
1013224,0.0
1006782,0.0
1015278,0.0
1004942,0.0
1008407,0.0
1002901,0.0
1001378,0.0
1006868,0.0
1000203,0.0
1005913,0.0
1016988,0.0
1011816,0.0
1010784,0.0
1011172,0.0
1016760,0.0
1007786,0.0
1009625,0.0
1006668,0.0
1007367,0.0
1011549,0.0
1012067,0.0
1010150,0.0
1012030,0.0
1008040,0.0
1000649,0.0
1014825,0.0
1006108,0.0
1004094,0.0
1014490,0.0
1014881,0.0
1010709,0.0
1005492,0.0
1006477,0.0
1005178,0.0
1015309,0.0
1004856,0.0
1010064,0.0
1003519,0.0
1005700,0.0
1007559,0.0
1002432,0.0
1010273,0.0
1012938,0.0
1016343,0.0
1000486,0.0
1010021,0.0
1001736,0.0
1006927,0.0
1010480,0.0
1007780,0.0
1008390,0.0
1017008,0.0
1001490,0.0
1001563,0.0
1002224,0.0
1014769,0.0
1004732,0.0
1005836,0.0
1010348,0.0
1016627,0.0
1004338,0.0
1002848,0.0
1013517,0.0
1008978,0.0
1017289,0.0
1017179,0.0
1001567,0.0
1000138,0.0
1013882,0.0
1005258,0.0
1004736,0.0
1011986,0.0
1001713,0.0
1003495,0.0
1000600,0.0
1002812,0.0
1005059,0.0
1004949,0.0
1016211,0.0
1002271,0.0
1010060,0.0
1001865,0.0
1002501,0.0
1002661,0.0
1015233,0.0
1005953,0.0
1012146,0.0
1000127,0.0
1017442,0.0
1010509,0.0
1013764,0.0
1014776,0.0
1006256,0.0
1012690,0.0
1004036,0.0
1011249,0.0
1000142,0.0
1004615,0.0
1010776,0.0
1009176,0.0
1002226,0.0
1013305,0.0
1008739,0.0
1014045,0.0
1016494,0.0
1014843,0.0
1006659,0.0
1007074,0.0
1006679,0.0
1012055,0.0
1011671,0.0
1002228,0.0
1014300,0.0
1010675,0.0
1001530,0.0
1001434,0.0
1000238,0.0
1016313,0.0
1016508,0.0
1010961,0.0
1006196,0.0
1002722,0.0
1008317,0.0
1008471,0.0
1011409,0.0
1005866,0.0
1003534,0.0
1004496,0.0
1006183,0.0
1007785,0.0
1009252,0.0
1017361,0.0
1009338,0.0
1007669,0.0
1000398,0.0
1004077,0.0
1002194,0.0
1003421,0.0
1001555,0.0
1012526,0.0
1015772,0.0
1009004,0.0
1010288,0.0
1010481,0.0
1015897,0.0
1011264,0.0
1010666,0.0
1014339,0.0
1017431,0.0
1003871,0.0
1009047,0.0
1013774,0.0
1012916,0.0
1006968,0.0
1017305,0.0
1002162,0.0
1006335,0.0
1013120,0.0
1003797,0.0
1002767,0.0
1015663,0.0
1017251,0.0
1009277,0.0
1008631,0.0
1012133,0.0
1017051,0.0
1008854,0.0
1007299,0.0
1007944,0.0
1011281,0.0
1001250,0.0
1008096,0.0
1008508,0.0
1015009,0.0
1007457,0.0
1004316,0.0
1015713,0.0
1011513,0.0
1011115,0.0
1000361,0.0
1011111,0.0
1008871,0.0
1017271,0.0
1001893,0.0
1005628,0.0
1017056,0.0
1013502,0.0
1000221,0.0
1012851,0.0
1001747,0.0
1015493,0.0
1010744,0.0
1011121,0.0
1013586,0.0
1014675,0.0
1007452,0.0
1009529,0.0
1013150,0.0
1005074,0.0
1011564,0.0
1009713,0.0
1008775,0.0
1000046,0.0
1014234,0.0
1005191,0.0
1015580,0.0
1015213,0.0
1009502,0.0
1009749,0.0
1008349,0.0
1009943,0.0
1006106,0.0
1016031,0.0
1016588,0.0
1003863,0.0
1002789,0.0
1012476,0.0
1014960,0.0
1013565,0.0
1014232,0.0
1006710,0.0
1001562,0.0
1010751,0.0
1001278,0.0
1012306,0.0
1006853,0.0
1000113,0.0
1002688,0.0
1014082,0.0
1004436,0.0
1000854,0.0
1008839,0.0
1008993,0.0
1000274,0.0
1005684,0.0
1009716,0.0
1003776,0.0
1005089,0.0
1015404,0.0
1011893,0.0
1001618,0.0
1005151,0.0
1005942,0.0
1005565,0.0
1014587,0.0
1001031,0.0
1017239,0.0
1016839,0.0
1009546,0.0
1004152,0.0
1016421,0.0
1000641,0.0
1005573,0.0
1016888,0.0
1006732,0.0
1005756,0.0
1004978,0.0
1001650,0.0
1010845,0.0
1005920,0.0
1001513,0.0
1001630,0.0
1003329,0.0
1001456,0.0
1001161,0.0
1003023,0.0
1015563,0.0
1006001,0.0
1011429,0.0
1004692,0.0
1009982,0.0
1012391,0.0
1014059,0.0
1014418,0.0
1006808,0.0
1006437,0.0
1006428,0.0
1010843,0.0
1011790,0.0
1015742,0.0
1002212,0.0
1005197,0.0
1001647,0.0
1014695,0.0
1011173,0.0
1016927,0.0
1013006,0.0
1008005,0.0
1015095,0.0
1012988,0.0
1003179,0.0
1016233,0.0
1012979,0.0
1009783,0.0
1006676,0.0
1005148,0.0
1005527,0.0
1006790,0.0
1012078,0.0
1009415,0.0
1008931,0.0
1014588,0.0
1008250,0.0
1012947,0.0
1010154,0.0
1014653,0.0
1012561,0.0
1009340,0.0
1016362,0.0
1016029,0.0
1011823,0.0
1006933,0.0
1003423,0.0
1006983,0.0
1007935,0.0
1001406,0.0
1010646,0.0
1015893,0.0
1012546,0.0
1005044,0.0
1010604,0.0
1001401,0.0
1002981,0.0
1005216,0.0
1007115,0.0
1016864,0.0
1007818,0.0
1004132,0.0
1013780,0.0
1008742,0.0
1007461,0.0
1003113,0.0
1015816,0.0
1006302,0.0
1010863,0.0
1003037,0.0
1006598,0.0
1011836,0.0
1006075,0.0
1013067,0.0
1016285,0.0
1017013,0.0
1015975,0.0
1014736,0.0
1003196,0.0
1015081,0.0
1016693,0.0
1009572,0.0
1016011,0.0
1006237,0.0
1016623,0.0
1000883,0.0
1017560,0.0
1007766,0.0
1015336,0.0
1006215,0.0
1016006,0.0
1010212,0.0
1006473,0.0
1002690,0.0
1016605,0.0
1004568,0.0
1013736,0.0
1012056,0.0
1009608,0.0
1014173,0.0
1014387,0.0
1004547,0.0
1011204,0.0
1014069,0.0
1013942,0.0
1017277,0.0
1010852,0.0
1003745,0.0
1005867,0.0
1011756,0.0
1015924,0.0
1011837,0.0
1002836,0.0
1005442,0.0
1013409,0.0
1011634,0.0
1010390,0.0
1017314,0.0
1006884,0.0
1015204,0.0
1017163,0.0
1002222,0.0
1009311,0.0
1014707,0.0
1002990,0.0
1001442,0.0
1006070,0.0
1000129,0.0
1007993,0.0
1016581,0.0
1014916,0.0
1003671,0.0
1007085,0.0
1016104,0.0
1005899,0.0
1009297,0.0
1000875,0.0
1002124,0.0
1002754,0.0
1005819,0.0
1010737,0.0
1002653,0.0
1011713,0.0
1007157,0.0
1005660,0.0
1003990,0.0
1011747,0.0
1012407,0.0
1007924,0.0
1007541,0.0
1000372,0.0
1016072,0.0
1001204,0.0
1009720,0.0
1010693,0.0
1011474,0.0
1017483,0.0
1004331,0.0
1013654,0.0
1015970,0.0
1005347,0.0
1002786,0.0
1001058,0.0
1016170,0.0
1007976,0.0
1002263,0.0
1004788,0.0
1008091,0.0
1006321,0.0
1014869,0.0
1011364,0.0
1002648,0.0
1011098,0.0
1012626,0.0
1016666,0.0
1016009,0.0
1016890,0.0
1016519,0.0
1008371,0.0
1003017,0.0
1007662,0.0
1007464,0.0
1010986,0.0
1004011,0.0
1002561,0.0
1010791,0.0
1011786,0.0
1014142,0.0
1012439,0.0
1005234,0.0
1013971,0.0
1004678,0.0
1006056,0.0
1009706,0.0
1001028,0.0
1004765,0.0
1000968,0.0
1017307,0.0
1012820,0.0
1005832,0.0
1002048,0.0
1008174,0.0
1007495,0.0
1012640,0.0
1011262,0.0
1016535,0.0
1017568,0.0
1015382,0.0
1005603,0.0
1010679,0.0
1007084,0.0
1014777,0.0
1000822,0.0
1006596,0.0
1011778,0.0
1004488,0.0
1016143,0.0
1004642,0.0
1004873,0.0
1011190,0.0
1005200,0.0
1016264,0.0
1000407,0.0
1004880,0.0
1017254,0.0
1015630,0.0
1006483,0.0
1012070,0.0
1000079,0.0
1000761,0.0
1002798,0.0
1010122,0.0
1010268,0.0
1005515,0.0
1000176,0.0
1001717,0.0
1010968,0.0
1012446,0.0
1001209,0.0
1007751,0.0
1009578,0.0
1010063,0.0
1014445,0.0
1006235,0.0
1005400,0.0
1010010,0.0
1000232,0.0
1011325,0.0
1007038,0.0
1001331,0.0
1008863,0.0
1009575,0.0
1013464,0.0
1012610,0.0
1010226,0.0
1007522,0.0
1016081,0.0
1014597,0.0
1000669,0.0
1012647,0.0
1005508,0.0
1001685,0.0
1013152,0.0
1011061,0.0
1014348,0.0
1016034,0.0
1015616,0.0
1004628,0.0
1010118,0.0
1016148,0.0
1008076,0.0
1006697,0.0
1000637,0.0
1011231,0.0
1014462,0.0
1003384,0.0
1012810,0.0
1002198,0.0
1002448,0.0
1013552,0.0
1001594,0.0
1001070,0.0
1008258,0.0
1015806,0.0
1008239,0.0
1000174,0.0
1004969,0.0
1005562,0.0
1003433,0.0
1009917,0.0
1007333,0.0
1013802,0.0
1001935,0.0
1011013,0.0
1007979,0.0
1013148,0.0
1001590,0.0
1005324,0.0
1014915,0.0
1013440,0.0
1002497,0.0
1000498,0.0
1013940,0.0
1005504,0.0
1016212,0.0
1013399,0.0
1010318,0.0
1009331,0.0
1006875,0.0
1011719,0.0
1010609,0.0
1016306,0.0
1005217,0.0
1006218,0.0
1012219,0.0
1006460,0.0
1007089,0.0
1016621,0.0
1002435,0.0
1008664,0.0
1000110,0.0
1013056,0.0
1015255,0.0
1000786,0.0
1005894,0.0
1008368,0.0
1005925,0.0
1017524,0.0
1014120,0.0
1006313,0.0
1009141,0.0
1008915,0.0
1004122,0.0
1016330,0.0
1002058,0.0
1001597,0.0
1004924,0.0
1007582,0.0
1008002,0.0
1017596,0.0
1001656,0.0
1009995,0.0
1000602,0.0
1016650,0.0
1009081,0.0
1007706,0.0
1011347,0.0
1007008,0.0
1005968,0.0
1004458,0.0
1016766,0.0
1015353,0.0
1004733,0.0
1004456,0.0
1011831,0.0
1013991,0.0
1005591,0.0
1001116,0.0
1007447,0.0
1009975,0.0
1002115,0.0
1004361,0.0
1015655,0.0
1000269,0.0
1010229,0.0
1014842,0.0
1015147,0.0
1006528,0.0
1007386,0.0
1015027,0.0
1015385,0.0
1014595,0.0
1010656,0.0
1015901,0.0
1000011,0.0
1007467,0.0
1016561,0.0
1017592,0.0
1001669,0.0
1000153,0.0
1015525,0.0
1010248,0.0
1004264,0.0
1012681,0.0
1003243,0.0
1015160,0.0
1008261,0.0
1016439,0.0
1004995,0.0
1005672,0.0
1013775,0.0
1011327,0.0
1013349,0.0
1015837,0.0
1004190,0.0
1003463,0.0
1010682,0.0
1010982,0.0
1017041,0.0
1000346,0.0
1005213,0.0
1000177,0.0
1015579,0.0
1005578,0.0
1000353,0.0
1013324,0.0
1011918,0.0
1015786,0.0
1009901,0.0
1010583,0.0
1011399,0.0
1013714,0.0
1002450,0.0
1013344,0.0
1003781,0.0
1017299,0.0
1009385,0.0
1014846,0.0
1009863,0.0
1007204,0.0
1014127,0.0
1000131,0.0
1009419,0.0
1007050,0.0
1000549,0.0
1004941,0.0
1003984,0.0
1010103,0.0
1002282,0.0
1003108,0.0
1011263,0.0
1005491,0.0
1002374,0.0
1000775,0.0
1011824,0.0
1012172,0.0
1005532,0.0
1016098,0.0
1008574,0.0
1005334,0.0
1003361,0.0
1007121,0.0
1017048,0.0
1013702,0.0
1009859,0.0
1000406,0.0
1012151,0.0
1014693,0.0
1001366,0.0
1011575,0.0
1014773,0.0
1003987,0.0
1008131,0.0
1000536,0.0
1001086,0.0
1005670,0.0
1013675,0.0
1006013,0.0
1016490,0.0
1011300,0.0
1016707,0.0
1008376,0.0
1007086,0.0
1001251,0.0
1009950,0.0
1016289,0.0
1003358,0.0
1008264,0.0
1008190,0.0
1012537,0.0
1013693,0.0
1004184,0.0
1008383,0.0
1002108,0.0
1007321,0.0
1007390,0.0
1008451,0.0
1002949,0.0
1007100,0.0
1008756,0.0
1016453,0.0
1004489,0.0
1000292,0.0
1009952,0.0
1002201,0.0
1014642,0.0
1011175,0.0
1003293,0.0
1006775,0.0
1002152,0.0
1015149,0.0
1009789,0.0
1003736,0.0
1001785,0.0
1014311,0.0
1017572,0.0
1014698,0.0
1002341,0.0
1007490,0.0
1006487,0.0
1001154,0.0
1009099,0.0
1011025,0.0
1006065,0.0
1011102,0.0
1009324,0.0
1003504,0.0
1007548,0.0
1009685,0.0
1013163,0.0
1017591,0.0
1009816,0.0
1000229,0.0
1003123,0.0
1010850,0.0
1003290,0.0
1016217,0.0
1006849,0.0
1006008,0.0
1009221,0.0
1011557,0.0
1003784,0.0
1003220,0.0
1012740,0.0
1009774,0.0
1010084,0.0
1011980,0.0
1007377,0.0
1007961,0.0
1003321,0.0
1013893,0.0
1000106,0.0
1000099,0.0
1007778,0.0
1008887,0.0
1003299,0.0
1000324,0.0
1000006,0.0
1001930,0.0
1000910,0.0
1015775,0.0
1015974,0.0
1017091,0.0
1009799,0.0
1008088,0.0
1002420,0.0
1010543,0.0
1000453,0.0
1014740,0.0
1017002,0.0
1017291,0.0
1008132,0.0
1009128,0.0
1006461,0.0
1016183,0.0
1013947,0.0
1011958,0.0
1014910,0.0
1009920,0.0
1015332,0.0
1011065,0.0
1009386,0.0
1006203,0.0
1009601,0.0
1003527,0.0
1012716,0.0
1002985,0.0
1010425,0.0
1014635,0.0
1002305,0.0
1010052,0.0
1005904,0.0
1007620,0.0
1011285,0.0
1006394,0.0
1010818,0.0
1000913,0.0
1003216,0.0
1014885,0.0
1017433,0.0
1010948,0.0
1010391,0.0
1007469,0.0
1008083,0.0
1005548,0.0
1011085,0.0
1010887,0.0
1008880,0.0
1015537,0.0
1008348,0.0
1008437,0.0
1005224,0.0
1002437,0.0
1016909,0.0
1001113,0.0
1012508,0.0
1006999,0.0
1011170,0.0
1001139,0.0
1000428,0.0
1011994,0.0
1008024,0.0
1008778,0.0
1002422,0.0
1014531,0.0
1011558,0.0
1012382,0.0
1009787,0.0
1008632,0.0
1013422,0.0
1011242,0.0
1008630,0.0
1010926,0.0
1012470,0.0
1010086,0.0
1011413,0.0
1006743,0.0
1009939,0.0
1014370,0.0
1002972,0.0
1009088,0.0
1001539,0.0
1001303,0.0
1011100,0.0
1013584,0.0
1004934,0.0
1013275,0.0
1007215,0.0
1010773,0.0
1007837,0.0
1015937,0.0
1014294,0.0
1007208,0.0
1014819,0.0
1001774,0.0
1013895,0.0
1017370,0.0
1008115,0.0
1001752,0.0
1012482,0.0
1016468,0.0
1013123,0.0
1003952,0.0
1003666,0.0
1002877,0.0
1017435,0.0
1004237,0.0
1011078,0.0
1015683,0.0
1002137,0.0
1016059,0.0
1017069,0.0
1015900,0.0
1013801,0.0
1005320,0.0
1016331,0.0
1010865,0.0
1015203,0.0
1002840,0.0
1004310,0.0
1013128,0.0
1000518,0.0
1006756,0.0
1003994,0.0
1010862,0.0
1014395,0.0
1007030,0.0
1001340,0.0
1002127,0.0
1011180,0.0
1010708,0.0
1012385,0.0
1016721,0.0
1012527,0.0
1013856,0.0
1010745,0.0
1004087,0.0
1010673,0.0
1011114,0.0
1011033,0.0
1008332,0.0
1011150,0.0
1016920,0.0
1003687,0.0
1009727,0.0
1009058,0.0
1007762,0.0
1005065,0.0
1014868,0.0
1011159,0.0
1009343,0.0
1005676,0.0
1014049,0.0
1000890,0.0
1013665,0.0
1000382,0.0
1013466,0.0
1007977,0.0
1000160,0.0
1002538,0.0
1004951,0.0
1000243,0.0
1010396,0.0
1000469,0.0
1002262,0.0
1010299,0.0
1004919,0.0
1001982,0.0
1000189,0.0
1016296,0.0
1009819,0.0
1010039,0.0
1008388,0.0
1012175,0.0
1003866,0.0
1014361,0.0
1006685,0.0
1004522,0.0
1003465,0.0
1004319,0.0
1001764,0.0
1013892,0.0
1012777,0.0
1004929,0.0
1003609,0.0
1006152,0.0
1009230,0.0
1016288,0.0
1005433,0.0
1006029,0.0
1015853,0.0
1000415,0.0
1007010,0.0
1011476,0.0
1014639,0.0
1001714,0.0
1005788,0.0
1007323,0.0
1005690,0.0
1002790,0.0
1005734,0.0
1009703,0.0
1003287,0.0
1003953,0.0
1008748,0.0
1006412,0.0
1011754,0.0
1004948,0.0
1013824,0.0
1011891,0.0
1001803,0.0
1015342,0.0
1004196,0.0
1002864,0.0
1003794,0.0
1007920,0.0
1015371,0.0
1016467,0.0
1008141,0.0
1009925,0.0
1013601,0.0
1015130,0.0
1001474,0.0
1008070,0.0
1002011,0.0
1005454,0.0
1012542,0.0
1014657,0.0
1013420,0.0
1013793,0.0
1005381,0.0
1013126,0.0
1014784,0.0
1014269,0.0
1013465,0.0
1006102,0.0
1000472,0.0
1007685,0.0
1009207,0.0
1016689,0.0
1014007,0.0
1010437,0.0
1013785,0.0
1011019,0.0
1012553,0.0
1009223,0.0
1003593,0.0
1001463,0.0
1007137,0.0
1010073,0.0
1009416,0.0
1015138,0.0
1001158,0.0
1008547,0.0
1007820,0.0
1008834,0.0
1004669,0.0
1000013,0.0
1013283,0.0
1016851,0.0
1003356,0.0
1016465,0.0
1011964,0.0
1010602,0.0
1011230,0.0
1007122,0.0
1000418,0.0
1009148,0.0
1011581,0.0
1006847,0.0
1004981,0.0
1015358,0.0
1011330,0.0
1012879,0.0
1010321,0.0
1017248,0.0
1004078,0.0
1013300,0.0
1009931,0.0
1009555,0.0
1009365,0.0
1003170,0.0
1009196,0.0
1017514,0.0
1006904,0.0
1016803,0.0
1015876,0.0
1010858,0.0
1008255,0.0
1014373,0.0
1005987,0.0
1001652,0.0
1001813,0.0
1009496,0.0
1016863,0.0
1016270,0.0
1006627,0.0
1001845,0.0
1004997,0.0
1015437,0.0
1013212,0.0
1005444,0.0
1011369,0.0
1002647,0.0
1011363,0.0
1005728,0.0
1009067,0.0
1009209,0.0
1010132,0.0
1005856,0.0
1015543,0.0
1014502,0.0
1002651,0.0
1000687,0.0
1006674,0.0
1001140,0.0
1012839,0.0
1010767,0.0
1009903,0.0
1010930,0.0
1003064,0.0
1014705,0.0
1015637,0.0
1016514,0.0
1016768,0.0
1015719,0.0
1013699,0.0
1014016,0.0
1005141,0.0
1011294,0.0
1016116,0.0
1003375,0.0
1015516,0.0
1013220,0.0
1000377,0.0
1002968,0.0
1001696,0.0
1015675,0.0
1013787,0.0
1007909,0.0
1011810,0.0
1013544,0.0
1008155,0.0
1005740,0.0
1000494,0.0
1016110,0.0
1008577,0.0
1013761,0.0
1003927,0.0
1003890,0.0
1010413,0.0
1015044,0.0
1001938,0.0
1012723,0.0
1000740,0.0
1012022,0.0
1009629,0.0
1004877,0.0
1014889,0.0
1017349,0.0
1003792,0.0
1008486,0.0
1014231,0.0
1006582,0.0
1015510,0.0
1001589,0.0
1008008,0.0
1001054,0.0
1013896,0.0
1011305,0.0
1007919,0.0
1017511,0.0
1016052,0.0
1012759,0.0
1001912,0.0
1004235,0.0
1015208,0.0
1011870,0.0
1012665,0.0
1001119,0.0
1009873,0.0
1002526,0.0
1010459,0.0
1008629,0.0
1004382,0.0
1012984,0.0
1005726,0.0
1000096,0.0
1003774,0.0
1008914,0.0
1008461,0.0
1004782,0.0
1003791,0.0
1013976,0.0
1003978,0.0
1017134,0.0
1014692,0.0
1008745,0.0
1017561,0.0
1001129,0.0
1015536,0.0
1015508,0.0
1001355,0.0
1004449,0.0
1009261,0.0
1017158,0.0
1011328,0.0
1000635,0.0
1000542,0.0
1014444,0.0
1010029,0.0
1013354,0.0
1001407,0.0
1002039,0.0
1015870,0.0
1007823,0.0
1003816,0.0
1001218,0.0
1001387,0.0
1010711,0.0
1004105,0.0
1017296,0.0
1003705,0.0
1001230,0.0
1014289,0.0
1015284,0.0
1009616,0.0
1007401,0.0
1012246,0.0
1016674,0.0
1011321,0.0
1009712,0.0
1004464,0.0
1004014,0.0
1001537,0.0
1000211,0.0
1006646,0.0
1009008,0.0
1000861,0.0
1007661,0.0
1005121,0.0
1001690,0.0
1009806,0.0
1000541,0.0
1005272,0.0
1002462,0.0
1008237,0.0
1005231,0.0
1016094,0.0
1008444,0.0
1015120,0.0
1007251,0.0
1000059,0.0
1007185,0.0
1009836,0.0
1014026,0.0
1005296,0.0
1000286,0.0
1007178,0.0
1005311,0.0
1010023,0.0
1000826,0.0
1013639,0.0
1015696,0.0
1006549,0.0
1013549,0.0
1000578,0.0
1015697,0.0
1009669,0.0
1006498,0.0
1010047,0.0
1007523,0.0
1006153,0.0
1014165,0.0
1013171,0.0
1003767,0.0
1006962,0.0
1015512,0.0
1009312,0.0
1002069,0.0
1004993,0.0
1015776,0.0
1012233,0.0
1010591,0.0
1008886,0.0
1009279,0.0
1010245,0.0
1001117,0.0
1016203,0.0
1011198,0.0
1003552,0.0
1011766,0.0
1012267,0.0
1008831,0.0
1014641,0.0
1001324,0.0
1003620,0.0
1017413,0.0
1001576,0.0
1016742,0.0
1000299,0.0
1013936,0.0
1012063,0.0
1017246,0.0
1015110,0.0
1016583,0.0
1002200,0.0
1015325,0.0
1017574,0.0
1014104,0.0
1000014,0.0
1005093,0.0
1012432,0.0
1007838,0.0
1006181,0.0
1009319,0.0
1009953,0.0
1011291,0.0
1013695,0.0
1003520,0.0
1004207,0.0
1000489,0.0
1013696,0.0
1006389,0.0
1009697,0.0
1002734,0.0
1008300,0.0
1014378,0.0
1014948,0.0
1003009,0.0
1000344,0.0
1011627,0.0
1011444,0.0
1007802,0.0
1003466,0.0
1017340,0.0
1000831,0.0
1005399,0.0
1016722,0.0
1006109,0.0
1007601,0.0
1015878,0.0
1009395,0.0
1001141,0.0
1013326,0.0
1001477,0.0
1015407,0.0
1009817,0.0
1016734,0.0
1003446,0.0
1004786,0.0
1000031,0.0
1013143,0.0
1007514,0.0
1009998,0.0
1007897,0.0
1000897,0.0
1005421,0.0
1015421,0.0
1009981,0.0
1002116,0.0
1005630,0.0
1009354,0.0
1011814,0.0
1005547,0.0
1003661,0.0
1015098,0.0
1009033,0.0
1013618,0.0
1012639,0.0
1012838,0.0
1001438,0.0
1011763,0.0
1006423,0.0
1012877,0.0
1012673,0.0
1009222,0.0
1004592,0.0
1004366,0.0
1016968,0.0
1002724,0.0
1005375,0.0
1015210,0.0
1008575,0.0
1008812,0.0
1004952,0.0
1000332,0.0
1012852,0.0
1000390,0.0
1015945,0.0
1009135,0.0
1000095,0.0
1001859,0.0
1000853,0.0
1004425,0.0
1000386,0.0
1006101,0.0
1009841,0.0
1001148,0.0
1016567,0.0
1000413,0.0
1012322,0.0
1000284,0.0
1000820,0.0
1017108,0.0
1000973,0.0
1011270,0.0
1006425,0.0
1008672,0.0
1001676,0.0
1014772,0.0
1015502,0.0
1015306,0.0
1011567,0.0
1006119,0.0
1013467,0.0
1008953,0.0
1000180,0.0
1016840,0.0
1009627,0.0
1015236,0.0
1015554,0.0
1001604,0.0
1015805,0.0
1000423,0.0
1010005,0.0
1005386,0.0
1000914,0.0
1008466,0.0
1011461,0.0
1001635,0.0
1015799,0.0
1006022,0.0
1002628,0.0
1011216,0.0
1015810,0.0
1007687,0.0
1011406,0.0
1012469,0.0
1014421,0.0
1000838,0.0
1013845,0.0
1014856,0.0
1004108,0.0
1006580,0.0
1005155,0.0
1012192,0.0
1014216,0.0
1011884,0.0
1009136,0.0
1014634,0.0
1010434,0.0
1001890,0.0
1015001,0.0
1013650,0.0
1003743,0.0
1003447,0.0
1001022,0.0
1013521,0.0
1009535,0.0
1007465,0.0
1014360,0.0
1007825,0.0
1006431,0.0
1017364,0.0
1006134,0.0
1013202,0.0
1011069,0.0
1004742,0.0
1013790,0.0
1016955,0.0
1002814,0.0
1015443,0.0
1003782,0.0
1010800,0.0
1005996,0.0
1012511,0.0
1005043,0.0
1004427,0.0
1007940,0.0
1005462,0.0
1001443,0.0
1000242,0.0
1005304,0.0
1009808,0.0
1008972,0.0
1005552,0.0
1011924,0.0
1017562,0.0
1002837,0.0
1005277,0.0
1000300,0.0
1015541,0.0
1012829,0.0
1012254,0.0
1008457,0.0
1009883,0.0
1007406,0.0
1009844,0.0
1012068,0.0
1000370,0.0
1016458,0.0
1012155,0.0
1009169,0.0
1008301,0.0
1002984,0.0
1008085,0.0
1012779,0.0
1016262,0.0
1008295,0.0
1003438,0.0
1004091,0.0
1005779,0.0
1008865,0.0
1009992,0.0
1011565,0.0
1013958,0.0
1009062,0.0
1015245,0.0
1009201,0.0
1012319,0.0
1014678,0.0
1007545,0.0
1011220,0.0
1005373,0.0
1010332,0.0
1004389,0.0
1004529,0.0
1013878,0.0
1004333,0.0
1009019,0.0
1016308,0.0
1011323,0.0
1006701,0.0
1009649,0.0
1009964,0.0
1013891,0.0
1010981,0.0
1016680,0.0
1008338,0.0
1013503,0.0
1017421,0.0
1002996,0.0
1009493,0.0
1013414,0.0
1001185,0.0
1010578,0.0
1008675,0.0
1015093,0.0
1006045,0.0
1017383,0.0
1009499,0.0
1012893,0.0
1004734,0.0
1016573,0.0
1012499,0.0
1002351,0.0
1002602,0.0
1016472,0.0
1004259,0.0
1009204,0.0
1012405,0.0
1001447,0.0
1003143,0.0
1004286,0.0
1009258,0.0
1001382,0.0
1014625,0.0
1015867,0.0
1014694,0.0
1006391,0.0
1002995,0.0
1002624,0.0
1006417,0.0
1001400,0.0
1013192,0.0
1010285,0.0
1006942,0.0
1006936,0.0
1001203,0.0
1003515,0.0
1010980,0.0
1002890,0.0
1002792,0.0
1011393,0.0
1016683,0.0
1007756,0.0
1017237,0.0
1015091,0.0
1014954,0.0
1012809,0.0
1013533,0.0
1000508,0.0
1009818,0.0
1016156,0.0
1017373,0.0
1011199,0.0
1007262,0.0
1011727,0.0
1015270,0.0
1014976,0.0
1007616,0.0
1000117,0.0
1014393,0.0
1001296,0.0
1017531,0.0
1016604,0.0
1012398,0.0
1005595,0.0
1000520,0.0
1005172,0.0
1011720,0.0
1010209,0.0
1009403,0.0
1012194,0.0
1006917,0.0
1010595,0.0
1012693,0.0
1012735,0.0
1016297,0.0
1010660,0.0
1002046,0.0
1001919,0.0
1001746,0.0
1001709,0.0
1010890,0.0
1004960,0.0
1000814,0.0
1003187,0.0
1009002,0.0
1002017,0.0
1007942,0.0
1009785,0.0
1010446,0.0
1008992,0.0
1017146,0.0
1004918,0.0
1010855,0.0
1003260,0.0
1015194,0.0
1000662,0.0
1001314,0.0
1011576,0.0
1001663,0.0
1013712,0.0
1017143,0.0
1002583,0.0
1014110,0.0
1016007,0.0
1003719,0.0
1012003,0.0
1007758,0.0
1014302,0.0
1006586,0.0
1017250,0.0
1000197,0.0
1004992,0.0
1010929,0.0
1008528,0.0
1010104,0.0
1013449,0.0
1016016,0.0
1015292,0.0
1005692,0.0
1015704,0.0
1014499,0.0
1000603,0.0
1005294,0.0
1016255,0.0
1017326,0.0
1013592,0.0
1003247,0.0
1004794,0.0
1001761,0.0
1004330,0.0
1007657,0.0
1012899,0.0
1017342,0.0
1005912,0.0
1015795,0.0
1011026,0.0
1009327,0.0
1005711,0.0
1007076,0.0
1001213,0.0
1016386,0.0
1017182,0.0
1017214,0.0
1011840,0.0
1016474,0.0
1017588,0.0
1001283,0.0
1012089,0.0
1000957,0.0
1006173,0.0
1011583,0.0
1006221,0.0
1008014,0.0
1000757,0.0
1001339,0.0
1016872,0.0
1010300,0.0
1011904,0.0
1000563,0.0
1001544,0.0
1008144,0.0
1007027,0.0
1000720,0.0
1003205,0.0
1009728,0.0
1017301,0.0
1016806,0.0
1000065,0.0
1011030,0.0
1006920,0.0
1006090,0.0
1012020,0.0
1015645,0.0
1014602,0.0
1000899,0.0
1000730,0.0
1001506,0.0
1011343,0.0
1002557,0.0
1006630,0.0
1009391,0.0
1003039,0.0
1015796,0.0
1008859,0.0
1004297,0.0
1013473,0.0
1003322,0.0
1006379,0.0
1006098,0.0
1007351,0.0
1013166,0.0
1011081,0.0
1011527,0.0
1000068,0.0
1012530,0.0
1008419,0.0
1001954,0.0
1011515,0.0
1016224,0.0
1002230,0.0
1006606,0.0
1012224,0.0
1002537,0.0
1006734,0.0
1013125,0.0
1000938,0.0
1012312,0.0
1007005,0.0
1002276,0.0
1005510,0.0
1001999,0.0
1014441,0.0
1015299,0.0
1010601,0.0
1003281,0.0
1003801,0.0
1006035,0.0
1013705,0.0
1009843,0.0
1003014,0.0
1012437,0.0
1002332,0.0
1001038,0.0
1016829,0.0
1006228,0.0
1014247,0.0
1003410,0.0
1002122,0.0
1008592,0.0
1017211,0.0
1005687,0.0
1002035,0.0
1005556,0.0
1006392,0.0
1010152,0.0
1008963,0.0
1011632,0.0
1006130,0.0
1004134,0.0
1002155,0.0
1015820,0.0
1016188,0.0
1014802,0.0
1011519,0.0
1000685,0.0
1006571,0.0
1010793,0.0
1004421,0.0
1015701,0.0
1004482,0.0
1013230,0.0
1000295,0.0
1000884,0.0
1012457,0.0
1003015,0.0
1008942,0.0
1012729,0.0
1008973,0.0
1013490,0.0
1012999,0.0
1010393,0.0
1009080,0.0
1014080,0.0
1002400,0.0
1010970,0.0
1009919,0.0
1001465,0.0
1001068,0.0
1010726,0.0
1001686,0.0
1013083,0.0
1003926,0.0
1008741,0.0
1000660,0.0
1011219,0.0
1001332,0.0
1017198,0.0
1004959,0.0
1007773,0.0
1011570,0.0
1009272,0.0
1003766,0.0
1003083,0.0
1003444,0.0
1008117,0.0
1015614,0.0
1004182,0.0
1007184,0.0
1005745,0.0
1010966,0.0
1016356,0.0
1010605,0.0
1015401,0.0
1002459,0.0
1013407,0.0
1012161,0.0
1011607,0.0
1003586,0.0
1009874,0.0
1006599,0.0
1017333,0.0
1006963,0.0
1015122,0.0
1002957,0.0
1004657,0.0
1009160,0.0
1007847,0.0
1006902,0.0
1015376,0.0
1014708,0.0
1000575,0.0
1014310,0.0
1013221,0.0
1003092,0.0
1002691,0.0
1001375,0.0
1016447,0.0
1010403,0.0
1005261,0.0
1007868,0.0
1002344,0.0
1000945,0.0
1014243,0.0
1006407,0.0
1002111,0.0
1004581,0.0
1000459,0.0
1007222,0.0
1006357,0.0
1010566,0.0
1002954,0.0
1000007,0.0
1006982,0.0
1000250,0.0
1012703,0.0
1010702,0.0
1013749,0.0
1001291,0.0
1016991,0.0
1007267,0.0
1009025,0.0
1015076,0.0
1010020,0.0
1009855,0.0
1000976,0.0
1013987,0.0
1009057,0.0
1011971,0.0
1009501,0.0
1010664,0.0
1008933,0.0
1016710,0.0
1011876,0.0
1017419,0.0
1009162,0.0
1008399,0.0
1000145,0.0
1014838,0.0
1015165,0.0
1004183,0.0
1005443,0.0
1012363,0.0
1014774,0.0
1005822,0.0
1002944,0.0
1002682,0.0
1003146,0.0
1017428,0.0
1001487,0.0
1005717,0.0
1012917,0.0
1011506,0.0
1007659,0.0
1004261,0.0
1001832,0.0
1010463,0.0
1000331,0.0
1000692,0.0
1001285,0.0
1010417,0.0
1000760,0.0
1005554,0.0
1009470,0.0
1005656,0.0
1005380,0.0
1001885,0.0
1016318,0.0
1017416,0.0
1010373,0.0
1004977,0.0
1002178,0.0
1000933,0.0
1011979,0.0
1000466,0.0
1006030,0.0
1000244,0.0
1014402,0.0
1015832,0.0
1010678,0.0
1006205,0.0
1001807,0.0
1010805,0.0
1007371,0.0
1009456,0.0
1012942,0.0
1013769,0.0
1000840,0.0
1005817,0.0
1014811,0.0
1005971,0.0
1006352,0.0
1011641,0.0
1012849,0.0
1005447,0.0
1002328,0.0
1006137,0.0
1006011,0.0
1000279,0.0
1010507,0.0
1010360,0.0
1007229,0.0
1010962,0.0
1014743,0.0
1012560,0.0
1017161,0.0
1016492,0.0
1004544,0.0
1009586,0.0
1005850,0.0
1007800,0.0
1012120,0.0
1009423,0.0
1003048,0.0
1009758,0.0
1006252,0.0
1009440,0.0
1006198,0.0
1001310,0.0
1005706,0.0
1008425,0.0
1016381,0.0
1002229,0.0
1017595,0.0
1012996,0.0
1004680,0.0
1004762,0.0
1000144,0.0
1016232,0.0
1016642,0.0
1004801,0.0
1014630,0.0
1008665,0.0
1009665,0.0
1011705,0.0
1003223,0.0
1003543,0.0
1000348,0.0
1013827,0.0
1008433,0.0
1008560,0.0
1016476,0.0
1015977,0.0
1010416,0.0
1013799,0.0
1012944,0.0
1002572,0.0
1013598,0.0
1009351,0.0
1005685,0.0
1009842,0.0
1016322,0.0
1014282,0.0
1010690,0.0
1013444,0.0
1010560,0.0
1009281,0.0
1005716,0.0
1008380,0.0
1007004,0.0
1013840,0.0
1002783,0.0
1016235,0.0
1015538,0.0
1002630,0.0
1016956,0.0
1001169,0.0
1004519,0.0
1007453,0.0
1003541,0.0
1000715,0.0
1015456,0.0
1014760,0.0
1002463,0.0
1017545,0.0
1012833,0.0
1011127,0.0
1016741,0.0
1006699,0.0
1004595,0.0
1009607,0.0
1017509,0.0
1014815,0.0
1016276,0.0
1015506,0.0
1012051,0.0
1008200,0.0
1010671,0.0
1002081,0.0
1007442,0.0
1007283,0.0
1011048,0.0
1012997,0.0
1013307,0.0
1012162,0.0
1001688,0.0
1008030,0.0
1015357,0.0
1005975,0.0
1009524,0.0
1000366,0.0
1017363,0.0
1010900,0.0
1015887,0.0
1006956,0.0
1002806,0.0
1002363,0.0
1014406,0.0
1004761,0.0
1014652,0.0
1002662,0.0
1009084,0.0
1000170,0.0
1003786,0.0
1013016,0.0
1010883,0.0
1012024,0.0
1017505,0.0
1014706,0.0
1010846,0.0
1007173,0.0
1001808,0.0
1014204,0.0
1009588,0.0
1007434,0.0
1002259,0.0
1010639,0.0
1010256,0.0
1002131,0.0
1014383,0.0
1016487,0.0
1006242,0.0
1012375,0.0
1013930,0.0
1001313,0.0
1015080,0.0
1002244,0.0
1013992,0.0
1004620,0.0
1013263,0.0
1001605,0.0
1016832,0.0
1013177,0.0
1006081,0.0
1007654,0.0
1016751,0.0
1013295,0.0
1014699,0.0
1015910,0.0
1003133,0.0
1015199,0.0
1003997,0.0
1001502,0.0
1012923,0.0
1004591,0.0
1010627,0.0
1017230,0.0
1002510,0.0
1012403,0.0
1007281,0.0
1011314,0.0
1009664,0.0
1005415,0.0
1014446,0.0
1013727,0.0
1006740,0.0
1005625,0.0
1017536,0.0
1006281,0.0
1009968,0.0
1013883,0.0
1015123,0.0
1005474,0.0
1009638,0.0
1014403,0.0
1002380,0.0
1005758,0.0
1007493,0.0
1013889,0.0
1009768,0.0
1017401,0.0
1000607,0.0
1000629,0.0
1002554,0.0
1012238,0.0
1006700,0.0
1005441,0.0
1012044,0.0
1009687,0.0
1004224,0.0
1001489,0.0
1001821,0.0
1011981,0.0
1017261,0.0
1016754,0.0
1016931,0.0
1002049,0.0
1005016,0.0
1000896,0.0
1007749,0.0
1003169,0.0
1016591,0.0
1001262,0.0
1015725,0.0
1000753,0.0
1006986,0.0
1017337,0.0
1014206,0.0
1013386,0.0
1015618,0.0
1015716,0.0
1005747,0.0
1001517,0.0
1005348,0.0
1009111,0.0
1011947,0.0
1009159,0.0
1012714,0.0
1014411,0.0
1006997,0.0
1016164,0.0
1014480,0.0
1004789,0.0
1015622,0.0
1006620,0.0
1013777,0.0
1010608,0.0
1004169,0.0
1015896,0.0
1004593,0.0
1006524,0.0
1014208,0.0
1003856,0.0
1005354,0.0
1003398,0.0
1008028,0.0
1002670,0.0
1014813,0.0
1012823,0.0
1007714,0.0
1002991,0.0
1013867,0.0
1015375,0.0
1007426,0.0
1016249,0.0
1004655,0.0
1014340,0.0
1009899,0.0
1011374,0.0
1005451,0.0
1017257,0.0
1017441,0.0
1013651,0.0
1015527,0.0
1007955,0.0
1001681,0.0
1007844,0.0
1009604,0.0
1008499,0.0
1012894,0.0
1008462,0.0
1001221,0.0
1002675,0.0
1014346,0.0
1012691,0.0
1008759,0.0
1003234,0.0
1016691,0.0
1003408,0.0
1005306,0.0
1012512,0.0
1005830,0.0
1001931,0.0
1005319,0.0
1016841,0.0
1000594,0.0
1014790,0.0
1005957,0.0
1001619,0.0
1006113,0.0
1015412,0.0
1000845,0.0
1010544,0.0
1005985,0.0
1004414,0.0
1014750,0.0
1010559,0.0
1011532,0.0
1003922,0.0
1010474,0.0
1013656,0.0
1015669,0.0
1003542,0.0
1011161,0.0
1002700,0.0
1002301,0.0
1017446,0.0
1003244,0.0
1001670,0.0
1001822,0.0
1008789,0.0
1002771,0.0
1002744,0.0
1011238,0.0
1007219,0.0
1000168,0.0
1014944,0.0
1011628,0.0
1009024,0.0
1013487,0.0
1004335,0.0
1016114,0.0
1002207,0.0
1015090,0.0
1010460,0.0
1014307,0.0
1002377,0.0
1015425,0.0
1000613,0.0
1016550,0.0
1014145,0.0
1005342,0.0
1007328,0.0
1013835,0.0
1005088,0.0
1007590,0.0
1001603,0.0
1010831,0.0
1000554,0.0
1016352,0.0
1004695,0.0
1003564,0.0
1005019,0.0
1009464,0.0
1017332,0.0
1013347,0.0
1000107,0.0
1002280,0.0
1005297,0.0
1015709,0.0
1010359,0.0
1015238,0.0
1006516,0.0
1001466,0.0
1010230,0.0
1005561,0.0
1004341,0.0
1006326,0.0
1011695,0.0
1011990,0.0
1005410,0.0
1007035,0.0
1014568,0.0
1013092,0.0
1011490,0.0
1007345,0.0
1007435,0.0
1013669,0.0
1009178,0.0
1015927,0.0
1001898,0.0
1015741,0.0
1002330,0.0
1011896,0.0
1001508,0.0
1013664,0.0
1013445,0.0
1006820,0.0
1008735,0.0
1014981,0.0
1010257,0.0
1017600,0.0
1001096,0.0
1016479,0.0
1008970,0.0
1012733,0.0
1013484,0.0
1000916,0.0
1008771,0.0
1008226,0.0
1010555,0.0
1014117,0.0
1017284,0.0
1005176,0.0
1013523,0.0
1003648,0.0
1015846,0.0
1003047,0.0
1013254,0.0
1008847,0.0
1001914,0.0
1001856,0.0
1000736,0.0
1011502,0.0
1000443,0.0
1013623,0.0
1003449,0.0
1010338,0.0
1010251,0.0
1003312,0.0
1000729,0.0
1010266,0.0
1011309,0.0
1010305,0.0
1017331,0.0
1017507,0.0
1017521,0.0
1004542,0.0
1008406,0.0
1000355,0.0
1007175,0.0
1005712,0.0
1007842,0.0
1004649,0.0
1011499,0.0
1013205,0.0
1006825,0.0
1001915,0.0
1009753,0.0
1015173,0.0
1010402,0.0
1016728,0.0
1007703,0.0
1008857,0.0
1015913,0.0
1016166,0.0
1016834,0.0
1005388,0.0
1012209,0.0
1012685,0.0
1001416,0.0
1001276,0.0
1007382,0.0
1014732,0.0
1014164,0.0
1001658,0.0
1011670,0.0
1010092,0.0
1002893,0.0
1012298,0.0
1008139,0.0
1006306,0.0
1001225,0.0
1007211,0.0
1013332,0.0
1016187,0.0
1007873,0.0
1002607,0.0
1005543,0.0
1011125,0.0
1012019,0.0
1013265,0.0
1006594,0.0
1006398,0.0
1003744,0.0
1000441,0.0
1009788,0.0
1002574,0.0
1007056,0.0
1015162,0.0
1011209,0.0
1006446,0.0
1008784,0.0
1008884,0.0
1009182,0.0
1005644,0.0
1003738,0.0
1010668,0.0
1006054,0.0
1006032,0.0
1002663,0.0
1000440,0.0
1006432,0.0
1016321,0.0
1011064,0.0
1011024,0.0
1001083,0.0
1017199,0.0
1012418,0.0
1006624,0.0
1010336,0.0
1010657,0.0
1015626,0.0
1001012,0.0
1006219,0.0
1011977,0.0
1009022,0.0
1012004,0.0
1016501,0.0
1006085,0.0
1005111,0.0
1005419,0.0
1015888,0.0
1010705,0.0
1016119,0.0
1008733,0.0
1008094,0.0
1001481,0.0
1010795,0.0
1012911,0.0
1010344,0.0
1009393,0.0
1002479,0.0
1009508,0.0
1010250,0.0
1000787,0.0
1002446,0.0
1003203,0.0
1017202,0.0
1012898,0.0
1012545,0.0
1007365,0.0
1008517,0.0
1004188,0.0
1011462,0.0
1014331,0.0
1011657,0.0
1005377,0.0
